ID,Razón Social,NIT,Sector,Vacantes Encontradas,Última Vacante,Email Encontrado,Teléfono Encontrado,Estado
"1","Colombia Telecomunicaciones S.A. ESP","","Privado",1,"Analista De Nómina y Seguridad Social Bogotá","","","CON VACANTES TI"
"2","Banco Davivienda S.A.","","Privado",1,"Analista De Nómina y Seguridad Social Bogotá","defensordelcliente@davivienda.com.co","3107590522","CON VACANTES TI"
"3","Claro Colombia - Comcel - America Movil - Telmex","","Privado",0,"","","","Sin vacantes"
"4","ALPINA PRODUCTOS ALIMENTICIOS S A","","Privado",0,"","","","Sin vacantes"
"5","Colombia Movil","","Privado",1,"Ingeniero de Redes y Ciberseguridad","","","CON VACANTES TI"
"6","Banco Colpatria Multibanca Colpatria S.A","","Privado",0,"","","","Sin vacantes"
"7","Telefonica Moviles Colombia S A","","Privado",0,"","","","Sin vacantes"
"8","Amazing Colombia S.A","","Privado",0,"","","","Sin vacantes"
"9","Centro de Servicios Mundial S.A.S.","","Privado",0,"","","","Sin vacantes"
"10","PROCIBERNETICA S.A.","","Privado",0,"","","","Sin vacantes"
"11","Tecnocom Colombia SAS","","Privado",0,"","","","Sin vacantes"
"12","Helm Bank SA","","Privado",0,"","","","Sin vacantes"
"13","BANCO DE OCCIDENTE S A","","Privado",0,"","","","Sin vacantes"
"14","Grupo Orbis S.A","","Privado",0,"","","","Sin vacantes"
"15","Equion Energia Limited","","Privado",0,"","","","Sin vacantes"
"16","PONTIFICIA UNIVERSIDAD JAVERIANA","","Privado",0,"","","","Sin vacantes"
"17","Makro Computo S A","","Privado",0,"","","","Sin vacantes"
"18","Tv Azteca Sucursal Colombia","","Privado",0,"","","","Sin vacantes"
"19","Compañia de seguros Positiva","","Privado",0,"","","","Sin vacantes"
"20","ITIS Support Ltda","","Privado",0,"","","","Sin vacantes"
"21","A TODA HORA S A","","Privado",0,"","","","Sin vacantes"
"22","Cementos Argos SA","","Privado",0,"","","","Sin vacantes"
"23","Universidad Autonoma De Occidente","","Privado",0,"","","","Sin vacantes"
"24","Ajover SA","","Privado",0,"","","","Sin vacantes"
"25","Comite de Cafeteros de Caldas","","Privado",0,"","","","Sin vacantes"
"26","UNE EPM Telecomunicaciones SA","","Privado",0,"","","","Sin vacantes"
"27","BBVA","","Privado",0,"","","","Sin vacantes"
"28","Compania Colombiana de Quimicos SA","","Privado",0,"","","","Sin vacantes"
"29","EPS FAMISANAR LTDA","","Privado",0,"","","","Sin vacantes"
"30","E.P.S. FAMISANAR LTDA","","Privado",0,"","","","Sin vacantes"
"31","Colombiana De Comercio SA Corbeta SA YO Alkosto SA","","Privado",0,"","","","Sin vacantes"
"32","Direccion Nacional De Inteligencia","","Privado",0,"","","","Sin vacantes"
"33","Conix S.A.","","Privado",0,"","","","Sin vacantes"
"34","CENTRALES ELECTRICAS DE NORTE DE SANTANDER S A E.S","","Privado",0,"","","","Sin vacantes"
"35","Empresa De Telecomunicaciones De Bucaramanga S.A","","Privado",0,"","","","Sin vacantes"
"36","Banco Agrario De Colombia S A","","Privado",0,"","","","Sin vacantes"
"37","Banco Caja Social","","Privado",0,"","","","Sin vacantes"
"38","UNIVERSIDAD DE LA SALLE","","Privado",0,"","","","Sin vacantes"
"39","BBVA Colombia S.A","","Privado",0,"","","","Sin vacantes"
"40","Experian Colombia S.A.","","Privado",0,"","","","Sin vacantes"
"41","Caja Colombiana De Subsidio Familiar Colsubsidio","","Privado",0,"","","","Sin vacantes"
"42","Universidad De La Sabana","","Privado",0,"","","","Sin vacantes"
"43","Dijon Corporation Ltd.","","Privado",0,"","","","Sin vacantes"
"44","Cooperativa Nacional de Droguistas Detallistas  Copidrogas","","Privado",0,"","","","Sin vacantes"
"45","COVINOC S.A.","","Privado",0,"","","","Sin vacantes"
"46","UNIVERSIDAD DE LOS ANDES","","Privado",0,"","","","Sin vacantes"
"47","FUNDACION UNIVERSIDAD DEL NORTE","","Privado",0,"","","","Sin vacantes"
"48","Avantel S.A.S","","Privado",0,"","","","Sin vacantes"
"49","ELECTRIFICADORA DE SANTANDER S.A. E.S.P.","","Privado",0,"","","","Sin vacantes"
"50","UNIVERSIDAD DE SAN BUENAVENTURA","","Privado",0,"","","","Sin vacantes"
"51","EDATEL S.A. E.S.P.","","Privado",0,"","","","Sin vacantes"
"52","Empresa de Energía del Quindío S.A. E.S.P.","","Privado",0,"","","","Sin vacantes"
"53","BANCOLOMBIA","","Privado",0,"","","","Sin vacantes"
"54","BANCO DE BOGOTA S A","","Privado",0,"","","","Sin vacantes"
"55","CENTRAL HIDROELECTRICA DE CALDAS S A CHEC","","Privado",0,"","","","Sin vacantes"
"56","Nueva Empresa Promotora de Salud S A","","Privado",0,"","","","Sin vacantes"
"57","Caja de Compensacion Familiar de Caldas","","Privado",0,"","","","Sin vacantes"
"58","Banco Sudameris De Colombia Sa","","Privado",0,"","","","Sin vacantes"
"59","Pollos El Bucanero S.A","","Privado",0,"","","","Sin vacantes"
"60","ALMACENES GENERALES DE DEPOSITO DE CAFE S A ALMACA","","Privado",0,"","","","Sin vacantes"
"61","Colombiana de Comercio SA","","Privado",0,"","","","Sin vacantes"
"62","ALCATEL LUCENT DE COLOMBIA S A","","Privado",0,"","","","Sin vacantes"
"63","EMCALI E.I.C.E E.S.P","","Privado",0,"","","","Sin vacantes"
"64","Independence Drilling S.A.","","Privado",0,"","","","Sin vacantes"
"65","SEGUROS COMERCIALES BOLIVAR S A","","Privado",0,"","","","Sin vacantes"
"66","Almacenes LA 14 SA","","Privado",0,"","","","Sin vacantes"
"67","Banco De Las Microfinanzas Bancamia SA","","Privado",0,"","","","Sin vacantes"
"68","CONCESION RUNT SA","","Privado",0,"","","","Sin vacantes"
"69","SOC ADM DE FDOS DE PENSIONES Y CESAN PORVENIR S.A","","Privado",0,"","","","Sin vacantes"
"70","Efectivo Ltda.","","Privado",0,"","","","Sin vacantes"
"71","Asociacion Gremial de Instituciones Financieras Cr","","Privado",0,"","","","Sin vacantes"
"72","Procables S.A.S C.I","","Privado",0,"","","","Sin vacantes"
"73","MULTIDIMENSIONALES S.A.S","","Privado",0,"","","","Sin vacantes"
"74","SIEMENS S.A. COLOMBIA","","Privado",0,"","","","Sin vacantes"
"75","Pegatex  Artecola S.A","","Privado",0,"","","","Sin vacantes"
"76","Seguros Generales Suramericana SA","","Privado",0,"","","","Sin vacantes"
"77","TRANSPORTADORA COMERCIAL COLOMBIANA S.A. (TCC)","","Privado",0,"","","","Sin vacantes"
"78","COOMEVA CALI","","Privado",0,"","","","Sin vacantes"
"79","BANCO POPULAR S A","","Privado",0,"","","","Sin vacantes"
"80","REDEBAN","","Privado",1,"Técnico o tecnólogo en mantenimiento de equipos o redes","","","CON VACANTES TI"
"81","Fundacion Universitaria Tecnologico Comfenalco-Car","","Privado",0,"","","","Sin vacantes"
"82","Corporacion de Acero Corpacero Marco Y E","","Privado",0,"","","","Sin vacantes"
"83","Desca colombia s.a.","","Privado",0,"","","","Sin vacantes"
"84","Level 3 Colombia SA","","Privado",0,"","","","Sin vacantes"
"85","Consorcio PST","","Privado",0,"","","","Sin vacantes"
"86","COMPANIA DE SEGUROS BOLIVAR S.A.","","Privado",0,"","","","Sin vacantes"
"87","Direccion De Investigacion Criminal e Interpol","","Privado",0,"","","","Sin vacantes"
"88","Liberty Seguros S.A","","Privado",0,"","","","Sin vacantes"
"89","UNIVERSIDAD COOPERATIVA DE COLOMBIA","","Privado",0,"","","","Sin vacantes"
"90","Deposito Centralizado de Valores de Colombia Decev","","Privado",0,"","","","Sin vacantes"
"91","Universidad Manuela Beltran","","Privado",0,"","","","Sin vacantes"
"92","COMPANIA DE MEDICINA PREPAGADA COLSANITAS S.A","","Privado",0,"","","","Sin vacantes"
"93","Credicorp Capital Colombia S.A.","","Privado",0,"","","","Sin vacantes"
"94","ASIC S.A.","","Privado",0,"","","","Sin vacantes"
"95","Red Colombiana de Servicios S.A.","","Privado",0,"","","","Sin vacantes"
"96","Ekko Promotora SA","","Privado",0,"","","","Sin vacantes"
"97","EMPRESAS VARIAS DE MEDELLIN","","Privado",0,"","","","Sin vacantes"
"98","Organizacion Corona SA","","Privado",0,"","","","Sin vacantes"
"99","Autotecnica Colombiana SAS","","Privado",0,"","","","Sin vacantes"
"100","GAS NATURAL S.A.  E.S.P","","Privado",0,"","","","Sin vacantes"
"101","BANCO MUNDIAL DE LA MUJER - WWB COLOMBIA","","Privado",0,"","","","Sin vacantes"
"102","FEDERACION NACIONAL DE CAFETEROS DE COLOMBIA","","Privado",0,"","","","Sin vacantes"
"103","COVINOC","","Privado",0,"","","","Sin vacantes"
"104","EMPRESA DE ENERGIA DEL PACIFICO S A EPSA E S P","","Privado",0,"","","","Sin vacantes"
"105","COOPERATIVA MEDICA DEL VALLE Y DE PROFESIONALES DE","","Privado",0,"","","","Sin vacantes"
"106","Synapsis Colombia SAS","","Privado",0,"","","","Sin vacantes"
"107","Banco Comercial Av Villas SA","","Privado",0,"","","","Sin vacantes"
"108","CIA DE MEDICINA PREPAGADA COLSANITAS S A","","Privado",0,"","","","Sin vacantes"
"109","Unidad De Servicios Penitenciarios Y Carcelarios S","","Privado",0,"","","","Sin vacantes"
"110","Mineria Texas Colombia SA","","Privado",0,"","","","Sin vacantes"
"111","Colorquimica S.A.","","Privado",0,"","","","Sin vacantes"
"112","Sociedad De Acueductos Y Alcantarillados Del Valle","","Privado",0,"","","","Sin vacantes"
"113","TCRP TELECOMUNICACIONES SAS","","Privado",0,"","","","Sin vacantes"
"114","Espumados S.A.","","Privado",0,"","","","Sin vacantes"
"115","Laboratorios Expofarma SA","","Privado",0,"","","","Sin vacantes"
"116","LABORATORIOS BUSIE","","Privado",0,"","","","Sin vacantes"
"117","EPM Inversiones S.A.","","Privado",0,"","","","Sin vacantes"
"118","Camara De Riesgo Central De Contraparte De Colombi","","Privado",0,"","","","Sin vacantes"
"119","ACH COLOMBIA S A","","Privado",0,"","","","Sin vacantes"
"120","Asociacion Bancaria y de Entidades Financieras de","","Privado",0,"","","","Sin vacantes"
"121","Allianz Seguros De Vida S.A.","","Privado",0,"","","","Sin vacantes"
"122","Praco Didacol SA","","Privado",0,"","","","Sin vacantes"
"123","TECNOQUIMICAS S A","","Privado",0,"","","","Sin vacantes"
"124","Cooperativa Multiactiva De Detallistas De Colombia","","Privado",0,"","","","Sin vacantes"
"125","Empresas Municipales De Cali E I C E E S P","","Privado",0,"","","","Sin vacantes"
"126","Excelsis SaCig","","Privado",0,"","","","Sin vacantes"
"127","Direccion de transito y transporte - Ditra","","Privado",0,"","","","Sin vacantes"
"128","Grupo ASD SAS","","Privado",0,"","","","Sin vacantes"
"129","MEFIA SAS","","Privado",0,"","","","Sin vacantes"
"130","Marval","","Privado",0,"","","","Sin vacantes"
"131","Grupo Empresarial en Linea S.A.","","Privado",0,"","","","Sin vacantes"
"132","Fundacion Universidad DE Bogota Jorge Tadeo Lozano","","Privado",0,"","","","Sin vacantes"
"133","Cooperativa Financiera Cotrafa","","Privado",0,"","","","Sin vacantes"
"134","Fortox S.A.","","Privado",0,"","","","Sin vacantes"
"135","Centro de Servicios Crediticios S.A","","Privado",0,"","","","Sin vacantes"
"136","Datecsa SA","","Privado",0,"","","","Sin vacantes"
"137","EXPEDITORS DE COLOMBIA LTDA.","","Privado",0,"","","","Sin vacantes"
"138","Marval S.A.","","Privado",0,"","","","Sin vacantes"
"139","ELECTRIFICADORA DEL CARIBE S.A.-E.S.P.","","Privado",0,"","","","Sin vacantes"
"140","Contingencia","","Privado",0,"","","","Sin vacantes"
"141","Code S.A.","","Privado",0,"","","","Sin vacantes"
"142","CENTRO INTERNACIONAL DE AGRICULTURA TROPIAL-CIAT-","","Privado",0,"","","","Sin vacantes"
"143","Compañía De Servicios E Inversiones Alpes S.A.S","","Privado",0,"","","","Sin vacantes"
"144","SI S.A.","","Privado",0,"","","","Sin vacantes"
"145","SODIMAC COLOMBIA S A","","Privado",0,"","","","Sin vacantes"
"146","Caja De Compensacion Familiar Del Huila","","Privado",0,"","","","Sin vacantes"
"147","Industrias Ceno S A","","Privado",0,"","","","Sin vacantes"
"148","Cobiscorp Colombia SA","","Privado",0,"","","","Sin vacantes"
"149","Electrificadora Del Huila S.A. E.S.P.","","Privado",0,"","","","Sin vacantes"
"150","Gonvarri Ms Colombia S A S","","Privado",0,"","","","Sin vacantes"
"151","Triada Ltda.","","Privado",0,"","","","Sin vacantes"
"152","GASES DEL CARIBE S A EMP DE SERV PUB","","Privado",0,"","","","Sin vacantes"
"153","PROQUINAL S A","","Privado",0,"","","","Sin vacantes"
"154","Administradora Fondos DE Pensiones Y Cesantia Prot","","Privado",0,"","","","Sin vacantes"
"155","Infomedia Service SA","","Privado",1,"Agente mesa de servicio/Experiencia en Redes","","","CON VACANTES TI"
"156","COLTICKETS S.A.","","Privado",0,"","","","Sin vacantes"
"157","Servientrega SA","","Privado",0,"","","","Sin vacantes"
"158","Compania Nacional de Levaduras-Levapan SA","","Privado",0,"","","","Sin vacantes"
"159","Manufacturas Eliot S.A.S","","Privado",0,"","","","Sin vacantes"
"160","INVERFAS S A","","Privado",0,"","","","Sin vacantes"
"161","Bcsc SA","","Privado",0,"","","","Sin vacantes"
"162","CENTRALES ELECTRICAS DE NARINO S A E S P","","Privado",0,"","","","Sin vacantes"
"163","HOSPITAL MILITAR CENTRAL","","Privado",0,"","","","Sin vacantes"
"164","US Southern Command","","Privado",0,"","","","Sin vacantes"
"165","INSTITUTO NACIONAL DE VIAS","","Privado",0,"","","","Sin vacantes"
"166","INTEGRAL S A","","Privado",0,"","","","Sin vacantes"
"167","ASESORIA EN SISTEMATIZACION DE DATOS S.A.- ASD","","Privado",0,"","","","Sin vacantes"
"168","Corporacion Universitaria De La Costa  -  Cuc","","Privado",0,"","","","Sin vacantes"
"169","SERVICIO GEOLOGICO COLOMBIANO","","Privado",0,"","","","Sin vacantes"
"170","PETROBRAS COLOMBIA LIMITED","","Privado",0,"","","","Sin vacantes"
"171","IMOCOM S.A.","","Privado",0,"","","","Sin vacantes"
"172","Hocol s a","","Privado",0,"","","","Sin vacantes"
"173","XM Compania de Expertos en Mercados SA ESP","","Privado",0,"","","","Sin vacantes"
"174","Global Solutions Group S.A.S.","","Privado",0,"","","","Sin vacantes"
"175","Productos Quimicos Panamericanos","","Privado",0,"","","","Sin vacantes"
"176","Top Drilling Company Sucursal Colombia","","Privado",0,"","","","Sin vacantes"
"177","Emerald Energy","","Privado",0,"","","","Sin vacantes"
"178","Multienlace SAS","","Privado",0,"","","","Sin vacantes"
"179","COLTEFINANCIERA S.A.","","Privado",0,"","","","Sin vacantes"
"180","UNIVERSIDAD ECCI","","Privado",0,"","","","Sin vacantes"
"181","EMPRESA DE ENERGIA DE BOGOTA S.A. ESP","","Privado",0,"","","","Sin vacantes"
"182","Tickets Fast S.A.S","","Privado",0,"","","","Sin vacantes"
"183","Corona Industrial S.A.S.","","Privado",0,"","","","Sin vacantes"
"184","Fussion Corporation Colombia SAS","","Privado",0,"","","","Sin vacantes"
"185","CIFIN SA","","Privado",0,"","","","Sin vacantes"
"186","Instituto Geografico Agustin Codazzi","","Privado",0,"","","","Sin vacantes"
"187","Grow Data SAS","","Privado",0,"","","","Sin vacantes"
"188","Masivo Capital SAS","","Privado",0,"","","","Sin vacantes"
"189","Seguros De Riesgos Profesionales Suramericana SA","","Privado",0,"","","","Sin vacantes"
"190","Universidad del SINU","","Privado",0,"","","","Sin vacantes"
"191","Itelca SAS","","Privado",1,"Lider procesos infraestructura","","","CON VACANTES TI"
"192","Fondo Financiero De Proyectos De Desarrollo Fonade","","Privado",0,"","","","Sin vacantes"
"193","Emerald Energy PLC","","Privado",0,"","","","Sin vacantes"
"194","UNIVERSIDAD AGRARIA DE COLOMBIA","","Privado",0,"","","","Sin vacantes"
"195","BANCO DE COMERCIO EXTERIOR DE COLOMBIA BANCOLDEX","","Privado",0,"","","","Sin vacantes"
"196","Akita Motos SA","","Privado",0,"","","","Sin vacantes"
"197","COMFAMILIAR RISARALDA","","Privado",0,"","","","Sin vacantes"
"198","Caja De Retiro De Las Fuerzas Militares","","Privado",0,"","","","Sin vacantes"
"199","Caja de Compensación Familiar de Cundinamarca COM","","Privado",0,"","","","Sin vacantes"
"200","CREDICORP CAPITAL COLOMBIA S A SIGLA CREDICORP CAP","","Privado",0,"","","","Sin vacantes"
"201","Enorey International, S. A. (Quanam)","","Privado",0,"","","","Sin vacantes"
"202","Bull Uruguay S.A.","","Privado",0,"","","","Sin vacantes"
"203","Banco Del Pacifico SA","","Privado",0,"","","","Sin vacantes"
"204","Industrias Metalex S.A.S","","Privado",0,"","","","Sin vacantes"
"205","ZONA FRANCA DE BOGOTA","","Privado",0,"","","","Sin vacantes"
"206","EMPR. DE TRANSP DEL TERCER MILENIO TRANSMILENIO SA","","Privado",0,"","","","Sin vacantes"
"207","QBE Seguros SA","","Privado",0,"","","","Sin vacantes"
"208","COLEGIO MAYOR DE NUESTRA SENORA DEL ROSARIO","","Privado",0,"","","","Sin vacantes"
"209","Makro Supermayorista S.A.S.","","Privado",0,"","","","Sin vacantes"
"210","Verano Ingenieria Ltda","","Privado",0,"","","","Sin vacantes"
"211","Interactivo Contact Center SA","","Privado",0,"","","","Sin vacantes"
"212","CASA EDITORIAL EL TIEMPO S A","","Privado",0,"","","","Sin vacantes"
"213","INDUSTRIAS ESTRA S.A.","","Privado",0,"","","","Sin vacantes"
"214","Landers & Cia. S.a.","","Privado",0,"","","","Sin vacantes"
"215","Encajes SA Colombia","","Privado",0,"","","","Sin vacantes"
"216","Representaciones y Servicios Globales S.A.","","Privado",0,"","","","Sin vacantes"
"217","Blu Logistics Colombia S.A.S","","Privado",0,"","","","Sin vacantes"
"218","CI Grodco SCA","","Privado",0,"","","","Sin vacantes"
"219","Circulante S.A","","Privado",0,"","","","Sin vacantes"
"220","CORPORACION AUTOMONA REGIONAL DEL VALLE DEL CAUCA","","Privado",0,"","","","Sin vacantes"
"221","UNIVERSIDAD EL BOSQUE","","Privado",0,"","","","Sin vacantes"
"222","UNIVERSIDAD CATOLICA DE COLOMBIA","","Privado",0,"","","","Sin vacantes"
"223","Fundacion Universitaria Panamericana","","Privado",0,"","","","Sin vacantes"
"224","Interbolsa SA","","Privado",0,"","","","Sin vacantes"
"225","Gemalto Colombia SA","","Privado",0,"","","","Sin vacantes"
"226","Compania Internacional De Alimentos SAS","","Privado",0,"","","","Sin vacantes"
"227","FANALCA S.A - Proyecto BI, DB para OWB","","Privado",0,"","","","Sin vacantes"
"228","MIGRACION COLOMBIA","","Privado",0,"","","","Sin vacantes"
"229","PRODUCTOS RAMO S.A.","","Privado",0,"","","","Sin vacantes"
"230","FONDO DE PREVENCION Y ATENCION DE EMERGENCIAS DEA","","Privado",0,"","","","Sin vacantes"
"231","Citibank Colombia S.A.","","Privado",0,"","","","Sin vacantes"
"232","CRM Direct Plus","","Privado",0,"","","","Sin vacantes"
"233","Masering S.A.S.","","Privado",0,"","","","Sin vacantes"
"234","Empresa De Telecomunicaciones De Pereira S.A.","","Privado",1,"Solo soporte técnico ¡Participa ya!","","","CON VACANTES TI"
"235","Tu Carrera SA","","Privado",0,"","","","Sin vacantes"
"236","Fundacion Universidad Autonoma De Colombia FUAC","","Privado",0,"","","","Sin vacantes"
"237","Sociedad Concesionaria Operadora Aeroportuaria Int","","Privado",0,"","","","Sin vacantes"
"238","PORVENIR S.A","","Privado",0,"","","","Sin vacantes"
"239","Diveo Datacenter SAS","","Privado",0,"","","","Sin vacantes"
"240","UNIVERSIDAD JORGE TADEO LOZANO","","Privado",0,"","","","Sin vacantes"
"241","BEL STAR S A","","Privado",0,"","","","Sin vacantes"
"242","Gecelca SA E.S.P","","Privado",0,"","","","Sin vacantes"
"243","GRANITOS Y MARMOLES S A","","Privado",0,"","","","Sin vacantes"
"244","Seguros de Vida Suramericana SA","","Privado",0,"","","","Sin vacantes"
"245","Productos Roche SA","","Privado",0,"","","","Sin vacantes"
"246","Fondo De Empleados Almacenes Exito Presente","","Privado",0,"","","","Sin vacantes"
"247","V.Q. Ingenieria LLtda","","Privado",0,"","","","Sin vacantes"
"248","CSC- Centro de servicios crediticios","","Privado",0,"","","","Sin vacantes"
"249","Industria de Licores del Valle del Cauca","","Privado",0,"","","","Sin vacantes"
"250","PRODUCTOS ALIMENTICIOS MARGARITA S.A.","","Privado",0,"","","","Sin vacantes"
"251","TERMOTASAJERO S A E S P","","Privado",0,"","","","Sin vacantes"
"252","INVIMA","","Privado",0,"","","","Sin vacantes"
"253","ACTIVOS S.A.","","Privado",0,"","","","Sin vacantes"
"254","ITC S.A. INGENIERIA  DE PLASTICOS INDUSTRIALES","","Privado",0,"","","","Sin vacantes"
"255","Fundacion Universitaria Luis Amigo","","Privado",0,"","","","Sin vacantes"
"256","Reditos Empresariales SA","","Privado",0,"","","","Sin vacantes"
"257","Instituto Colombiano De Bienestar Familiar","","Privado",0,"","","","Sin vacantes"
"258","Scotiabank Colombia S.A.","","Privado",0,"","","","Sin vacantes"
"259","Universidad ICESI","","Privado",0,"","","","Sin vacantes"
"260","ACUEDUCTOS Y ALCANTARILLADOS DEL VALLE DEL CAUCA S","","Privado",0,"","","","Sin vacantes"
"261","Synapsis Colombia S.A.S","","Privado",0,"","","","Sin vacantes"
"262","UNIVERSIDAD PILOTO DE COLOMBIA","","Privado",0,"","","","Sin vacantes"
"263","FUNDACION SOCIAL","","Privado",0,"","","","Sin vacantes"
"264","EPS Y Medicina Prepagada Suramericana SA","","Privado",0,"","","","Sin vacantes"
"265","SERVIBANCA S.A.","","Privado",0,"","","","Sin vacantes"
"266","EMPRESA DE OBRAS SANITARIAS DE LA PROVINCIA DE OBA","","Privado",0,"","","","Sin vacantes"
"267","Levapan S.A. Cia Nacional de Levadu","","Privado",0,"","","","Sin vacantes"
"268","Grandes Superficies de Colombia SA","","Privado",0,"","","","Sin vacantes"
"269","Muelles el Bosque Operadores Portuarios SA","","Privado",0,"","","","Sin vacantes"
"270","PNUD Colombia","","Privado",0,"","","","Sin vacantes"
"271","APORTES EN LINEA SA","","Privado",0,"","","","Sin vacantes"
"272","ABBVIE S.A.S.","","Privado",0,"","","","Sin vacantes"
"273","Almacenes Corona S.A.S","","Privado",0,"","","","Sin vacantes"
"274","FONDO DE VIGIL Y SEG.DE SANTA FE DE BOGOTA D.C.","","Privado",0,"","","","Sin vacantes"
"275","Liceo Frances Louis Pasteur","","Privado",0,"","","","Sin vacantes"
"276","Aviatur","","Privado",0,"","","","Sin vacantes"
"277","Enka de Colombia S.A","","Privado",0,"","","","Sin vacantes"
"278","Old Mutual Pensiones y Cesantias S.A.","","Privado",0,"","","","Sin vacantes"
"279","Acciones y Valores","","Privado",0,"","","","Sin vacantes"
"280","Pacific Stratus Energy Colombia Corp.","","Privado",0,"","","","Sin vacantes"
"281","Compania de Puertos Asociados SA","","Privado",0,"","","","Sin vacantes"
"282","UNIVERSIDAD AUTONOMA DE BUCARAMANGA","","Privado",0,"","","","Sin vacantes"
"283","Garrido Asociados Ltda","","Privado",0,"","","","Sin vacantes"
"284","Quantum Data Processing De Colombia S A S","","Privado",0,"","","","Sin vacantes"
"285","Financiera juriscoop s.a. Compania de financiamien","","Privado",0,"","","","Sin vacantes"
"286","Aguazul Bogota S.A. ESP","","Privado",0,"","","","Sin vacantes"
"287","HERNANDO CAMARGO PEDRAZA SAS","","Privado",0,"","","","Sin vacantes"
"288","COMPANIA COLOMBIANA AUTOMOTRIZ S A C C A EN LIQUID","","Privado",0,"","","","Sin vacantes"
"289","Instituto de Planificacion y Promocion de Solucion","","Privado",0,"","","","Sin vacantes"
"290","Credivalores Crediservicios SAS","","Privado",0,"","","","Sin vacantes"
"291","Instituto Colombiano Agropecuario","","Privado",0,"","","","Sin vacantes"
"292","Universidad Del Rosario","","Privado",0,"","","","Sin vacantes"
"293","Efigas S.A. E.S.P.","","Privado",0,"","","","Sin vacantes"
"294","Federacion De Aseguradores Colombianos Fasecolda","","Privado",0,"","","","Sin vacantes"
"295","Instituto Colombiano para la Evaluacion de la Educ","","Privado",0,"","","","Sin vacantes"
"296","QUIPUX S.A.S.","","Privado",0,"","","","Sin vacantes"
"297","CRM Direct Plus SAS","","Privado",0,"","","","Sin vacantes"
"298","Thomas Greg & Sons Limited (Guernsey) S.A.","","Privado",0,"","","","Sin vacantes"
"299","Interoil Colombia Exploration and Production","","Privado",0,"","","","Sin vacantes"
"300","Colfondos","","Privado",0,"","","","Sin vacantes"
"301","EMPRESA DE GASES DE OCCIDENTE S A EMPRESA DE SERVI","","Privado",0,"","","","Sin vacantes"
"302","Banco Falabella S.A","","Privado",0,"","","","Sin vacantes"
"303","FINSOCIAL COL S.A.S","","Privado",0,"","","","Sin vacantes"
"304","EMPRESA DE ENERGIA DE BOYACA S.A. ESP","","Privado",0,"","","","Sin vacantes"
"305","PROGR NACIO UNID PARA DESAR PROY PNUD/COL","","Privado",0,"","","","Sin vacantes"
"306","TITAN INTERCONTINENTAL S.A.","","Privado",0,"","","","Sin vacantes"
"307","CORREDORES ASOCIADOS S A COMISIONISTA DE BOLSA","","Privado",0,"","","","Sin vacantes"
"308","INSTITUTO COLOMBIANO DE CRÉDITO EDUCATIVO Y ESTUD","","Privado",0,"","","","Sin vacantes"
"309","Gases de Occidente S.A. E.S.P.","","Privado",0,"","","","Sin vacantes"
"310","Union Temporal Fase II","","Privado",0,"","","","Sin vacantes"
"311","AGFA HEALTCARE COLOMBIA LTDA","","Privado",0,"","","","Sin vacantes"
"312","Federacion Nacional De Comerciantes Fenalco","","Privado",0,"","","","Sin vacantes"
"313","FUNDACION UNIVERSITARIA KONRAD LORENZ","","Privado",0,"","","","Sin vacantes"
"314","Contact Center Americas S.A.","","Privado",0,"","","","Sin vacantes"
"315","Corporacion Autonoma Regional De Cundinamarca Car","","Privado",0,"","","","Sin vacantes"
"316","Alcaldía Mayor de Bogotá","","Privado",0,"","","","Sin vacantes"
"317","EMPRESA SOCIAL DEL ESTADO - METROSALUD","","Privado",0,"","","","Sin vacantes"
"318","Centro De Radio Y Television Cratel C.A.","","Privado",0,"","","","Sin vacantes"
"319","ECI Telecom SurAmerica LTDA","","Privado",0,"","","","Sin vacantes"
"320","BIOENERGY S.A.","","Privado",0,"","","","Sin vacantes"
"321","UNE EPMBOGOTA S.A.","","Privado",0,"","","","Sin vacantes"
"322","BRINKS DE COLOMBIA S.A.","","Privado",0,"","","","Sin vacantes"
"323","Cam Colombia Multiservicios SAS","","Privado",0,"","","","Sin vacantes"
"324","Toyota de Colombia S.A.","","Privado",0,"","","","Sin vacantes"
"325","Productive business solutions (aruba) n.v.","","Privado",0,"","","","Sin vacantes"
"326","DEPARTAMENTO DE ANTIOQUIA","","Privado",0,"","","","Sin vacantes"
"327","Instituto Colombiano de Normas Tecnicas","","Privado",0,"","","","Sin vacantes"
"328","everis Colombia Ltda.","","Privado",0,"","","","Sin vacantes"
"329","EQUIELECT S.A.S","","Privado",0,"","","","Sin vacantes"
"330","CITIBANK COLOMBIA","","Privado",0,"","","","Sin vacantes"
"331","PARMALAT COLOMBIA LTDA","","Privado",0,"","","","Sin vacantes"
"332","ACCION S.A.","","Privado",0,"","","","Sin vacantes"
"333","Camara De Comercio De Barranquilla","","Privado",0,"","","","Sin vacantes"
"334","Lazus Colombia S.A.S.","","Privado",0,"","","","Sin vacantes"
"335","DALASE S.A.","","Privado",0,"","","","Sin vacantes"
"336","SMURFIT CARTON DE COLOMBIA S.A.","","Privado",0,"","","","Sin vacantes"
"337","MANUELITA S A","","Privado",0,"","","","Sin vacantes"
"338","San Antonio Internacional","","Privado",0,"","","","Sin vacantes"
"339","Asociacion Mutual La Esperanza Asmet Salud Ess Eps","","Privado",0,"","","","Sin vacantes"
"340","JJ Pita Y Cia SA","","Privado",0,"","","","Sin vacantes"
"341","Corporacion Universitaria Iberoamericana","","Privado",0,"","","","Sin vacantes"
"342","Corporacion Universitaria Minuto De Dios","","Privado",0,"","","","Sin vacantes"
"343","Soft Bolivar S.A.","","Privado",0,"","","","Sin vacantes"
"344","Delima Marsh","","Privado",0,"","","","Sin vacantes"
"345","CELSIA S.A. E. S. P","","Privado",0,"","","","Sin vacantes"
"346","DEPARTAMENTO DE CUNDINAMARCA","","Privado",0,"","","","Sin vacantes"
"347","Legis S.A.","","Privado",0,"","","","Sin vacantes"
"348","DIRECCION DE DESARROLLO ADMINISTRATIVO","","Privado",0,"","","","Sin vacantes"
"349","DIRECCION DE INTELIGENCIA","","Privado",0,"","","","Sin vacantes"
"350","COLTEFINANCIERA","","Privado",0,"","","","Sin vacantes"
"351","El Colombiano SA Y CIA SCA","","Privado",0,"","","","Sin vacantes"
"352","SEGUROS ALFA S.A.","","Privado",0,"","","","Sin vacantes"
"353","Bayer CropScience S.A.","","Privado",0,"","","","Sin vacantes"
"354","Telecafe","","Privado",0,"","","","Sin vacantes"
"355","BBVA BANCO GANADERO S.A.","","Privado",0,"","","","Sin vacantes"
"356","Empresa Industrial Y Comercial Del Estado Administ","","Privado",0,"","","","Sin vacantes"
"357","AES Chivor & Cia SCA ESP","","Privado",0,"","","","Sin vacantes"
"358","Ferrocarriles Del Norte De Colombia S.A. (FENOCO S","","Privado",0,"","","","Sin vacantes"
"359","LineaDatascan SA","","Privado",0,"","","","Sin vacantes"
"360","CAJA DE COMPENSACION FAMILIAR COMFENALCO DEL VALLE","","Privado",0,"","","","Sin vacantes"
"361","Oxigenos De Colombia Ltda","","Privado",0,"","","","Sin vacantes"
"362","CAJA DE COMPENSACION FAMILIAR DEL VALLE DEL CAUCA","","Privado",0,"","","","Sin vacantes"
"363","Processa SAS","","Privado",0,"","","","Sin vacantes"
"364","Fundacion WWB Colombia","","Privado",0,"","","","Sin vacantes"
"365","Promigas S A E S P","","Privado",0,"","","","Sin vacantes"
"366","CARACOL TELEVISION S A","","Privado",0,"","","","Sin vacantes"
"367","SERVICIO INMEDIATO NACIONAL S.A.","","Privado",0,"","","","Sin vacantes"
"368","Grupo Intellego Colombia SAS","","Privado",0,"","","","Sin vacantes"
"369","Havas Media Colombia S.A.S","","Privado",0,"","","","Sin vacantes"
"370","Thomas Greg & Sons De Colombia SA","","Privado",0,"","","","Sin vacantes"
"371","Almacenes Flamingo S A","","Privado",0,"","","","Sin vacantes"
"372","Tigo Colombia","","Privado",0,"","","","Sin vacantes"
"373","INSTITUTO COLOMBIANO DE NORMAS TECNICAS Y CERTIFIC","","Privado",0,"","","","Sin vacantes"
"374","ANGELCOM S.A.","","Privado",0,"","","","Sin vacantes"
"375","Total Quality Management S.A.","","Privado",0,"","","","Sin vacantes"
"376","Retramar S.A.S.","","Privado",0,"","","","Sin vacantes"
"377","CORPORACION FINANCIERA COLOMBIANA S.A.","","Privado",0,"","","","Sin vacantes"
"378","V Q Ingenieria Sociedad Por Acciones Simplificada","","Privado",0,"","","","Sin vacantes"
"379","D Contadores Ltda","","Privado",0,"","","","Sin vacantes"
"380","PEPSICOLA PANAMERICANA S A","","Privado",0,"","","","Sin vacantes"
"381","AXA Colpatria Seguros de Vida S.A.","","Privado",0,"","","","Sin vacantes"
"382","Departamento Archipielago de San Andres, Providenc","","Privado",0,"","","","Sin vacantes"
"383","CERTICAMARA S.A.","","Privado",0,"","","","Sin vacantes"
"384","DOMESA DE COLOMBIA SA","","Privado",0,"","","","Sin vacantes"
"385","MPR Andina S.A.","","Privado",0,"","","","Sin vacantes"
"386","Enertotal S.A. ESP","","Privado",0,"","","","Sin vacantes"
"387","Open Card S. A.","","Privado",0,"","","","Sin vacantes"
"388","Caja de Auxilios y Prestaciones de la Asociacion C","","Privado",0,"","","","Sin vacantes"
"389","PRODUCTOS NATURALES DE LA SABANA S A ALQUERIA","","Privado",0,"","","","Sin vacantes"
"390","Fondo De Desarrollo De Proyectos De Cundinamarca -","","Privado",0,"","","","Sin vacantes"
"391","CAJA DE COMPENSACION FAMILIAR DE BARRANQUILLA","","Privado",0,"","","","Sin vacantes"
"392","Fondo Nacional del Ahorro","","Privado",0,"","","","Sin vacantes"
"393","Aseo Urbano S.A.S E.S.P","","Privado",0,"","","","Sin vacantes"
"394","Litoplas S A","","Privado",0,"","","","Sin vacantes"
"395","Mazda De Colombia S.A.S.","","Privado",0,"","","","Sin vacantes"
"396","Muebles Jamar S.A","","Privado",0,"","","","Sin vacantes"
"397","FUND UNIVERSIDAD CENTRAL","","Privado",0,"","","","Sin vacantes"
"398","Ofixpres S.A.S.","","Privado",0,"","","","Sin vacantes"
"399","GANE CORREDORES DE APUESTAS S.A.","","Privado",0,"","","","Sin vacantes"
"400","Aplicaciones S.A.","","Privado",0,"","","","Sin vacantes"
"401","Gear Electric","","Privado",0,"","","","Sin vacantes"
"402","Allus Global BPO Center","","Privado",0,"","","","Sin vacantes"
"403","Promotora Telco Inversiones S.A.S","","Privado",0,"","","","Sin vacantes"
"404","Giros Y Finanzas CF SA","","Privado",0,"","","","Sin vacantes"
"405","Savera Ltda","","Privado",0,"","","","Sin vacantes"
"406","Hino Motors Manufacturing Colombia S.A.","","Privado",0,"","","","Sin vacantes"
"407","Sercotel, S.A. de C.V.","","Privado",0,"","","","Sin vacantes"
"408","SOCIEDAD DE AUTORES Y COMPOSITORES DE COLOMBIA SAY","","Privado",0,"","","","Sin vacantes"
"409","CAVELIER ABOGADOS","","Privado",0,"","","","Sin vacantes"
"410","SUBOCOL S A","","Privado",0,"","","","Sin vacantes"
"411","INSTITUCION UNIVERSITARIA DE ENVIGADO","","Privado",0,"","","","Sin vacantes"
"412","Transportes Sanchez Polo S.A.","","Privado",0,"","","","Sin vacantes"
"413","INSTITUTO DE INVESTIGACIONES MARINAS Y COSTERAS","","Privado",0,"","","","Sin vacantes"
"414","VD EL MUNDO A SUS PIES S. A.","","Privado",0,"","","","Sin vacantes"
"415","Compania Energetica De Occidente S.A.S. ESP (CEO)","","Privado",0,"","","","Sin vacantes"
"416","Inpel S.A.","","Privado",0,"","","","Sin vacantes"
"417","Jardin Botanico Jose Celestino Mutis","","Privado",0,"","","","Sin vacantes"
"418","ALPOPULAR ALMACEN GENERAL DE DEPOSITOS S A","","Privado",0,"","","","Sin vacantes"
"419","COMPANIA ASEGURADORA DE FIANZAS S.A.","","Privado",0,"","","","Sin vacantes"
"420","La Riviera S.A.S.","","Privado",0,"","","","Sin vacantes"
"421","SOCIEDAD COLOMBIANA DE ANESTESIOLOGIA Y REANIMACIO","","Privado",0,"","","","Sin vacantes"
"422","Dhl Express -Spc Procibernetica SA","","Privado",0,"","","","Sin vacantes"
"423","Zona Franca Del Pacifico Sa","","Privado",0,"","","","Sin vacantes"
"424","Banco Compartir S.A","","Privado",0,"","","","Sin vacantes"
"425","UNIVERSIDAD AUTONOMA DE MANIZALES","","Privado",0,"","","","Sin vacantes"
"426","Metrokia S.A.","","Privado",0,"","","","Sin vacantes"
"427","SOC TELEVISION DEL PACIFICO LTDA","","Privado",0,"","","","Sin vacantes"
"428","Cooperativa Financiera de Antioquia","","Privado",0,"","","","Sin vacantes"
"429","Fondo De Empleados Y Pensionados De La ETB","","Privado",0,"","","","Sin vacantes"
"430","Fundacion Cardioinfantil","","Privado",0,"","","","Sin vacantes"
"431","Compania Mundial De Seguros SA","","Privado",0,"","","","Sin vacantes"
"432","Colceramica S.A.S.","","Privado",0,"","","","Sin vacantes"
"433","FUNDACION SANTA FE DE BOGOTA","","Privado",0,"","","","Sin vacantes"
"434","UNIVERSIDAD  LIBRE","","Privado",0,"","","","Sin vacantes"
"435","Colegio de Estudios Superiores de Administracion C","","Privado",0,"","","","Sin vacantes"
"436","EMPRESA DE ACUEDUCTO Y ALCANTARILLADO DE PEREIRA S","","Privado",0,"","","","Sin vacantes"
"437","Schrader Camargo Ingenieros Asociados S.A.","","Privado",0,"","","","Sin vacantes"
"438","AXA Colpatria Seguros S.A.","","Privado",0,"","","","Sin vacantes"
"439","ESCUELA SUPERIOR DE GUERRA","","Privado",0,"","","","Sin vacantes"
"440","ING Administradora de Fondos de Pensiones y Cesant","","Privado",0,"","","","Sin vacantes"
"441","Sim - Servicios Integrales Para La Movilidad","","Privado",0,"","","","Sin vacantes"
"442","Petrodorado South America S.A. Sucursal Colombia","","Privado",0,"","","","Sin vacantes"
"443","Compania de Seguros de Vida Colmena S.A","","Privado",0,"","","","Sin vacantes"
"444","GLOBAL GAMES S.A.","","Privado",0,"","","","Sin vacantes"
"445","Sociedad Biblica Colombiana","","Privado",0,"","","","Sin vacantes"
"446","Colpensiones","","Privado",0,"","","","Sin vacantes"
"447","CORP AUT REGIONAL DE LA FRONTERA NORORIENTAL","","Privado",0,"","","","Sin vacantes"
"448","PRODUCTOS FAMILIA SANCELA S.A.","","Privado",0,"","","","Sin vacantes"
"449","SOCIEDAD PORTUARIA TERMINAL DE CONTENEDORES DE BUE","","Privado",0,"","","","Sin vacantes"
"450","CAMARA DE COMERCIO DE CALI","","Privado",0,"","","","Sin vacantes"
"451","Agfa Gevaert Colombia Ltda","","Privado",0,"","","","Sin vacantes"
"452","Productos Yupi SAS","","Privado",0,"","","","Sin vacantes"
"453","TEAM FOODS COLOMBIA S.A.","","Privado",0,"","","","Sin vacantes"
"454","Internexa SA","","Privado",0,"","","","Sin vacantes"
"455","Publicar Publicidad Multimedia S.A.S","","Privado",0,"","","","Sin vacantes"
"456","QUALA S.A.","","Privado",0,"","","","Sin vacantes"
"457","Consorcio Aseo Capital SA","","Privado",0,"","","","Sin vacantes"
"458","Recaudos Sit Barranquilla S A","","Privado",0,"","","","Sin vacantes"
"459","Consorcio Canales Nacionales Privados","","Privado",0,"","","","Sin vacantes"
"460","COMISION DE REGULACION DE AGUA POTABLE Y SANEAMIEN","","Privado",0,"","","","Sin vacantes"
"461","Comision Nacional de Servicio Civil","","Privado",0,"","","","Sin vacantes"
"462","Iron Mountain Colombia S.A.S","","Privado",0,"","","","Sin vacantes"
"463","Yazaki Ciemel SA","","Privado",0,"","","","Sin vacantes"
"464","Agencia de Aduanas Agecoldex SA Nivel 1","","Privado",0,"","","","Sin vacantes"
"465","Caja de Vivienda Popular","","Privado",0,"","","","Sin vacantes"
"466","LA TOUR S.A.","","Privado",0,"","","","Sin vacantes"
"467","FUNDACION UNIVERSITARIA  EMPRESARIAL DE LA CAMARA","","Privado",0,"","","","Sin vacantes"
"468","Union Electrica SA","","Privado",0,"","","","Sin vacantes"
"469","OCU COLOMBIA LTDA.","","Privado",0,"","","","Sin vacantes"
"470","EPS CONVIDA","","Privado",0,"","","","Sin vacantes"
"471","Cutis SA","","Privado",0,"","","","Sin vacantes"
"472","LEASING DE CREDITO S A COMPANIA DE FINANCIAMIENTO","","Privado",0,"","","","Sin vacantes"
"473","Oleoducto Central S.A.","","Privado",0,"","","","Sin vacantes"
"474","SURTIDORA DE GAS DEL CARIBE S A  E S P","","Privado",0,"","","","Sin vacantes"
"475","Financiera Pagos Internacionales S.A.","","Privado",0,"","","","Sin vacantes"
"476","CAJA DE COMPENSACION FAMILIAR COMPENSAR","","Privado",0,"","","","Sin vacantes"
"477","Pearson Educacion De Colombia S.A.S","","Privado",0,"","","","Sin vacantes"
"478","Asociacion Probienestar de la Familia Colombiana P","","Privado",0,"","","","Sin vacantes"
"479","Hyundai Colombia","","Privado",0,"","","","Sin vacantes"
"480","BRITISH AMERICAN TOBACCO","","Privado",0,"","","","Sin vacantes"
"481","CAJA DE COMPENSACION FAMILIAR CONFENALCO ANTIOQUIA","","Privado",0,"","","","Sin vacantes"
"482","Sociedad Interamericana De Aguas y Servicios S.A.","","Privado",0,"","","","Sin vacantes"
"483","Level3 Colombia S.A","","Privado",0,"","","","Sin vacantes"
"484","Cooperativa Multiactiva de empleados del centro de","","Privado",0,"","","","Sin vacantes"
"485","Arquidiocesis De Cali (Fundacion Universitaria Cat","","Privado",0,"","","","Sin vacantes"
"486","PRODUCTOS FAMILIA S.A.","","Privado",0,"","","","Sin vacantes"
"487","TELEPERFORMANCE COLOMBIA S A S","","Privado",1,"Especialista en soporte técnico ¡Aplica ya! – Impulsa tu carrera con TP","","","CON VACANTES TI"
"488","Imcolmedica SA","","Privado",0,"","","","Sin vacantes"
"489","TRANSPORTES Y SERVICIOS TRANSER S.A.","","Privado",0,"","","","Sin vacantes"
"490","IMPRENTA NACIONAL DE COLOMBIA","","Privado",0,"","","","Sin vacantes"
"491","UNIDAD CENTRAL DEL VALLE DEL CAUCA","","Privado",0,"","","","Sin vacantes"
"492","Cencosud colombia s.a.","","Privado",0,"","","","Sin vacantes"
"493","Cenit Transporte y Logistica de Hidrocarburos S A","","Privado",0,"","","","Sin vacantes"
"494","Universidad Central De Colombia","","Privado",0,"","","","Sin vacantes"
"495","Prosperando Cooperativa de ahorro y Credito Ltda","","Privado",0,"","","","Sin vacantes"
"496","Cooperativa Para El Bienestar Social","","Privado",1,"Auxiliar mantenimiento e infraestructura","","","CON VACANTES TI"
"497","Fondo De Empleados De La Caja Colombiana De Subsid","","Privado",0,"","","","Sin vacantes"
"498","EPSA E.S.P","","Privado",0,"","","","Sin vacantes"
"499","Quimpac De Colombia SA","","Privado",0,"","","","Sin vacantes"
"500","Corporacion Autonoma Regional Del Centro De Antioq","","Privado",0,"","","","Sin vacantes"
"501","REASEGURADORA HEMISFERICA","","Privado",0,"","","","Sin vacantes"
"502","Sociedad De Fabricacion De Automotores S. A - Sofa","","Privado",0,"","","","Sin vacantes"
"503","Fondo De Empleados De Vivienda Y Ahorro De Alpina","","Privado",0,"","","","Sin vacantes"
"504","Leasing Bancolombia S.a. Compañia De Financiamien","","Privado",0,"","","","Sin vacantes"
"505","Avon Colombia S.A.S","","Privado",0,"","","","Sin vacantes"
"506","Comision de Regulacion de Comunicaciones","","Privado",0,"","","","Sin vacantes"
"507","Almagran SA","","Privado",0,"","","","Sin vacantes"
"508","FUNDACION UNIVERSITARIA LOS LIBERTADORES","","Privado",0,"","","","Sin vacantes"
"509","Suppla S.A","","Privado",0,"","","","Sin vacantes"
"510","WINNER GROUP S A","","Privado",0,"","","","Sin vacantes"
"511","Fondo Latinoamericano de Reservas","","Privado",0,"","","","Sin vacantes"
"512","Tipiel S.A.","","Privado",0,"","","","Sin vacantes"
"513","G4S Secure Solutions Colombia S.A.","","Privado",0,"","","","Sin vacantes"
"514","Cepcolsa","","Privado",0,"","","","Sin vacantes"
"515","MEM LTDA - Materiales Eléctricos y Mecánicos Ltd","","Privado",0,"","","","Sin vacantes"
"516","Cerro Matoso SA","","Privado",0,"","","","Sin vacantes"
"517","Unify Ltda.","","Privado",0,"","","","Sin vacantes"
"518","Andiasistencia Cia De Asistencia De Los Andes SA","","Privado",0,"","","","Sin vacantes"
"519","Seguridad Movil De Colombia S.A","","Privado",0,"","","","Sin vacantes"
"520","Consorcio Bonos ASD-Cromasoft 2011","","Privado",0,"","","","Sin vacantes"
"521","ACUAVALLE S.A. E.S.P.","","Privado",0,"","","","Sin vacantes"
"522","Morpho Cards De Colombia S.A.S.","","Privado",0,"","","","Sin vacantes"
"523","CORPORACION AUTONOMA REGIONAL DE CHIVOR CORPOCHIVO","","Privado",0,"","","","Sin vacantes"
"524","Universidad de Ciencias Aplicadas y Ambientales (U","","Privado",0,"","","","Sin vacantes"
"525","Compania Colombiana de Ceramica S.A.S","","Privado",0,"","","","Sin vacantes"
"526","ABBOTT LABORATORIES DE COLOMBIA, S.A","","Privado",0,"","","","Sin vacantes"
"527","Asociación Mutual Ser Empresa Solidaria De Salud","","Privado",0,"","","","Sin vacantes"
"528","Inversiones del Pacifico S.A.","","Privado",0,"","","","Sin vacantes"
"529","Valores Bancolombia Comisionista De Bolsa SA","","Privado",0,"","","","Sin vacantes"
"530","Corporacion Universidad Piloto de Colombia","","Privado",0,"","","","Sin vacantes"
"531","Inversiones Plas S.A.","","Privado",0,"","","","Sin vacantes"
"532","MAPFRE SEGUROS GENERALES DE COLOMBIA S.A.","","Privado",0,"","","","Sin vacantes"
"533","MAYAGUEZ SA","","Privado",0,"","","","Sin vacantes"
"534","FOGACOOP","","Privado",0,"","","","Sin vacantes"
"535","UNIVERSIDAD SANTO TOMAS","","Privado",0,"","","","Sin vacantes"
"536","DValor SAS","","Privado",0,"","","","Sin vacantes"
"537","EMPRESA DISTRIBUIDORA DEL PACIFICO S.A. E.S.P. ""DI","","Privado",0,"","","","Sin vacantes"
"538","Cooperativa de Ahorro y Credito Crediflores","","Privado",0,"","","","Sin vacantes"
"539","Bodega Alcomex","","Privado",0,"","","","Sin vacantes"
"540","Outsourcing De Documentos S.A.S.","","Privado",0,"","","","Sin vacantes"
"541","Empresa Social Del Estado Hospital  Manuel Uribe A","","Privado",0,"","","","Sin vacantes"
"542","Universidad De Ibague","","Privado",0,"","","","Sin vacantes"
"543","CREPES Y WAFFLES S.A.","","Privado",0,"","","","Sin vacantes"
"544","Empresa De Energia De Pereira SA ESP","","Privado",0,"","","","Sin vacantes"
"545","Crezcamos S.A.","","Privado",0,"","","","Sin vacantes"
"546","Talisman Colombia Oil and Gas Ltd","","Privado",0,"","","","Sin vacantes"
"547","Representaciones Continental S A","","Privado",0,"","","","Sin vacantes"
"548","Colombeia S A S","","Privado",0,"","","","Sin vacantes"
"549","COMISION NACIONAL DE TELEVISION","","Privado",0,"","","","Sin vacantes"
"550","Consorcio ASD - Cromasoft Bonos 2015","","Privado",0,"","","","Sin vacantes"
"551","Fundacion Universitaria Del Area Andina","","Privado",0,"","","","Sin vacantes"
"552","UNIVERSIDAD AUTONOMA DEL CARIBE","","Privado",0,"","","","Sin vacantes"
"553","Fondo De Prestaciones Económicas Cesantías Y Pen","","Privado",0,"","","","Sin vacantes"
"554","S3 Wireless Colombia SAS","","Privado",0,"","","","Sin vacantes"
"555","Vatia S.A. E.S.P.","","Privado",0,"","","","Sin vacantes"
"556","Saint Gobain Sekurit Colombia S.A.","","Privado",0,"","","","Sin vacantes"
"557","Corporacion Universitaria Del Caribe - Cecar","","Privado",0,"","","","Sin vacantes"
"558","SALUD TOTAL S A EPS","","Privado",0,"","","","Sin vacantes"
"559","Surtigas S A E S P","","Privado",0,"","","","Sin vacantes"
"560","Sassari Desarrollos SA","","Privado",0,"","","","Sin vacantes"
"561","ARQUITECSOFT S.A.S","","Privado",0,"","","","Sin vacantes"
"562","Almacenes Generales De Deposito Almagrario S.A","","Privado",0,"","","","Sin vacantes"
"563","Schlumberger Surenco SA","","Privado",0,"","","","Sin vacantes"
"564","FONDECUN","","Privado",0,"","","","Sin vacantes"
"565","BRINSA S.A.","","Privado",0,"","","","Sin vacantes"
"566","INDUSTRIAS MAVILTEX S.A.S","","Privado",0,"","","","Sin vacantes"
"567","SCN SAS","","Privado",0,"","","","Sin vacantes"
"568","Fondo De Empleados De Empresas Publicas De Medelli","","Privado",0,"","","","Sin vacantes"
"569","Colombit SA","","Privado",0,"","","","Sin vacantes"
"570","LEASING BOLIVAR S A COMPANIA DE FINANCIAMIENTO COM","","Privado",0,"","","","Sin vacantes"
"571","UNIVERSIDAD DE CALDAS","","Privado",0,"","","","Sin vacantes"
"572","DEPARTAMENTO DEL CASANARE","","Privado",0,"","","","Sin vacantes"
"573","UNIVERSIDAD DEL NORTE","","Privado",0,"","","","Sin vacantes"
"574","AVICOL","","Privado",0,"","","","Sin vacantes"
"575","ESE HOSPITAL FEDERICO LLERAS ACOSTA","","Privado",0,"","","","Sin vacantes"
"576","ELECTRIFICADORA DEL META S.A. ESP","","Privado",0,"","","","Sin vacantes"
"577","BusinessMind Colombia S.A.","","Privado",0,"","","","Sin vacantes"
"578","Vetra Exploracion y Produccion Colombia S.A.S.","","Privado",0,"","","","Sin vacantes"
"579","Mansarovar Energy Colombia Ltd","","Privado",0,"","","","Sin vacantes"
"580","CAXDAC - (Aplicativo ISV)","","Privado",0,"","","","Sin vacantes"
"581","COOPERATIVA LECHERA DE ANTIOQUIA COLANTA","","Privado",0,"","","","Sin vacantes"
"582","CAMARA DE COMERCIO DE BUCARAMANGA","","Privado",1,"Administrador de Seguridad de la Información","","","CON VACANTES TI"
"583","AngloGold Ashanti Colombia S.A.","","Privado",0,"","","","Sin vacantes"
"584","Arin innovation Colombia S A S","","Privado",0,"","","","Sin vacantes"
"585","Suzuki Motor de Colombia SA","","Privado",0,"","","","Sin vacantes"
"586","Corporacion Universitaria Americana","","Privado",0,"","","","Sin vacantes"
"587","Tandem S.A.","","Privado",0,"","","","Sin vacantes"
"588","Servicios Generales Suramericana S.A.S","","Privado",0,"","","","Sin vacantes"
"589","Colinagro SA","","Privado",0,"","","","Sin vacantes"
"590","Termoemcali I S C A E S P","","Privado",0,"","","","Sin vacantes"
"591","MercadoLibre Colombia SA","","Privado",0,"","","","Sin vacantes"
"592","TITULARIZADORA DE COLOMBIA","","Privado",0,"","","","Sin vacantes"
"593","INDUSTRIA DE EJES Y TRANSMISIONES S A","","Privado",0,"","","","Sin vacantes"
"594","Metro De Medellin Ltda","","Privado",0,"","","","Sin vacantes"
"595","Diex Operador Logistico Sa","","Privado",0,"","","","Sin vacantes"
"596","Corporacion Universitaria del Huila","","Privado",0,"","","","Sin vacantes"
"597","ATENTO COLOMBIA S.A.","","Privado",0,"","","","Sin vacantes"
"598","FONDO DE EMPLEADOS DE COMFANDI LTDA. - FONDECOM","","Privado",0,"","","","Sin vacantes"
"599","GMAC FINANCIERA DE COLOMBIA S.A.","","Privado",0,"","","","Sin vacantes"
"600","Colombiana de Moldeados S.A.S","","Privado",0,"","","","Sin vacantes"
"601","Petroleos Del Norte SA","","Privado",0,"","","","Sin vacantes"
"602","Sociedad De Acueducto Alcantarillado Y Aseo De Bqu","","Privado",0,"","","","Sin vacantes"
"603","COLOMBINA","","Privado",0,"","","","Sin vacantes"
"604","Almacen Y Taller Ciclocosta Litda","","Privado",0,"","","","Sin vacantes"
"605","Editorial C& P SAS","","Privado",0,"","","","Sin vacantes"
"606","Directv Colombia LTDA","","Privado",0,"","","","Sin vacantes"
"607","Apuestas De Cordoba SA","","Privado",0,"","","","Sin vacantes"
"608","Casa de Bolsa S.A","","Privado",0,"","","","Sin vacantes"
"609","Apuestas Unidas De Yumbo SA","","Privado",0,"","","","Sin vacantes"
"610","Movilbox S.A.S","","Privado",0,"","","","Sin vacantes"
"611","Fondo De Empleados Lafayette FEL","","Privado",0,"","","","Sin vacantes"
"612","Sociedad Portuaria Regional De Barranquilla SA","","Privado",0,"","","","Sin vacantes"
"613","DB SYSTEM LTDA","","Privado",0,"","","","Sin vacantes"
"614","UNIVERSIDAD MARIANA","","Privado",0,"","","","Sin vacantes"
"615","FINANCIERA DE DESARROLLO NACIONAL S.A","","Privado",0,"","","","Sin vacantes"
"616","UNIVERSIDAD SANTIAGO DE CALI","","Privado",0,"","","","Sin vacantes"
"617","Distribuidora Andina De Licores SA","","Privado",0,"","","","Sin vacantes"
"618","BAVARIA S A","","Privado",0,"","","","Sin vacantes"
"619","Distribuidora y comercializadora de energia electr","","Privado",0,"","","","Sin vacantes"
"620","PROYECTOS DE INFRAESTRUCTURA S.A.","","Privado",0,"","","","Sin vacantes"
"621","Empaques Flexa S.A.S.","","Privado",0,"","","","Sin vacantes"
"622","SUCES DE JOSE JESUS REST Y CIA S A CASA LUKER S A","","Privado",0,"","","","Sin vacantes"
"623","Corporacion Universitaria Unitec","","Privado",0,"","","","Sin vacantes"
"624","Super Servicios Del Centro Del Valle S.A.","","Privado",0,"","","","Sin vacantes"
"625","Compania Manufacturera Manisol S.A.","","Privado",0,"","","","Sin vacantes"
"626","Internacional Compania De Financiamiento S.A.","","Privado",0,"","","","Sin vacantes"
"627","Instituto Municipal de Transito y Transporte de Pe","","Privado",0,"","","","Sin vacantes"
"628","Emtelco SAS","","Privado",0,"","","","Sin vacantes"
"629","CI Oceanos SA","","Privado",0,"","","","Sin vacantes"
"630","Tranza S.A.S","","Privado",0,"","","","Sin vacantes"
"631","LA PREVISORA S A COMPANIA DE SEGUROS","","Privado",0,"","","","Sin vacantes"
"632","Zona Franca De Rionegro S.a. Usuario Operador De Z","","Privado",0,"","","","Sin vacantes"
"633","Aula Matriz S.A.S.","","Privado",0,"","","","Sin vacantes"
"634","Sociedad Portuaria Puerto Nuevo SA - prodeco","","Privado",0,"","","","Sin vacantes"
"635","Laboratorio Bago De Colombia S.A.S.","","Privado",0,"","","","Sin vacantes"
"636","Asociacion Colombiana De Administradoras De Fondos","","Privado",0,"","","","Sin vacantes"
"637","Afin Comisionista De Bolsa","","Privado",0,"","","","Sin vacantes"
"638","UNIVERSIDAD SURCOLOMBIANA DE NEIVA","","Privado",0,"","","","Sin vacantes"
"639","Credicorp Bank","","Privado",0,"","","","Sin vacantes"
"640","Gomez Cajiao y Asociados","","Privado",0,"","","","Sin vacantes"
"641","CrediFinanciera CF, S.A.","","Privado",0,"","","","Sin vacantes"
"642","Compania Dsierra Huila SAS","","Privado",0,"","","","Sin vacantes"
"643","ASOCIACION DE PRESTADORES DE SERVICIOS Y SUMINISTR","","Privado",0,"","","","Sin vacantes"
"644","Cooperativa De Ahorro Y Credito Financiafondos","","Privado",0,"","","","Sin vacantes"
"645","Brexia Resources S.A.S.","","Privado",0,"","","","Sin vacantes"
"646","COOPERATIVA MULTIACTIVA DE EDUCADORES DE CASANARE","","Privado",0,"","","","Sin vacantes"
"647","Audifarma SA","","Privado",0,"","","","Sin vacantes"
"648","CIRCULO DE LECTORES S.A.S","","Privado",0,"","","","Sin vacantes"
"649","Liga Contra El Cancer Seccional Risaralda","","Privado",0,"","","","Sin vacantes"
"650","Lineas Basicas Sas","","Privado",0,"","","","Sin vacantes"
"651","UNIVERSIDAD LIBRE DE PEREIRA","","Privado",0,"","","","Sin vacantes"
"652","Caja De Compensacion Familiar Cajacopi Atlantico","","Privado",0,"","","","Sin vacantes"
"653","Federacion Nacional De Comerciantes Seccional Anti","","Privado",0,"","","","Sin vacantes"
"654","LLOREDA & CIA. S.A","","Privado",0,"","","","Sin vacantes"
"655","Serfinansa S.A.","","Privado",0,"","","","Sin vacantes"
"656","Lloreda Camacho & CO","","Privado",0,"","","","Sin vacantes"
"657","Gran Tierra Energy Colombia","","Privado",0,"","","","Sin vacantes"
"658","MAC JOHNSON CONTROLS COLOMBIA SAS","","Privado",0,"","","","Sin vacantes"
"659","Socia Bpo SAS","","Privado",0,"","","","Sin vacantes"
"660","Macrofinanciera S A Compania de Financiamiento Com","","Privado",0,"","","","Sin vacantes"
"661","COOP DE LA AVIACION CIVIL LTDA COOPEDAC","","Privado",0,"","","","Sin vacantes"
"662","HR Latinoamerica Ltda. Corredores de Reaseguros","","Privado",0,"","","","Sin vacantes"
"663","Agroindustrias del Cauca SA","","Privado",0,"","","","Sin vacantes"
"664","Empresas Publicas De Medellin, E.S.P.","","Privado",0,"","","","Sin vacantes"
"665","Manuelita S.A.","","Privado",0,"","","","Sin vacantes"
"666","ENTIDAD COOPERATIVA DE LOS EMPLEADOS DE SALUDCOOP","","Privado",0,"","","","Sin vacantes"
"667","FINANCIERA CAMBIAMOS S.A C.F","","Privado",0,"","","","Sin vacantes"
"668","Compañia Energetica del Tolima S.A. E.S.P","","Privado",0,"","","","Sin vacantes"
"669","Master Lctl Sas","","Privado",0,"","","","Sin vacantes"
"670","Textiles Lafayette S.A.S","","Privado",0,"","","","Sin vacantes"
"671","Transelca S.A. E.S.P","","Privado",0,"","","","Sin vacantes"
"672","Direccion De Transito Y Transporte De Floridablanc","","Privado",0,"","","","Sin vacantes"
"673","Ingenio Providencia SA","","Privado",0,"","","","Sin vacantes"
"674","Direccion Ejecutiva De La Justicia Penal Militar M","","Privado",0,"","","","Sin vacantes"
"675","Unidad Para La Atencion Y Reparacion Integral De L","","Privado",0,"","","","Sin vacantes"
"676","MC21 Colombia S.A.S","","Privado",0,"","","","Sin vacantes"
"677","Instituto De Hidrologia Meteorologia Y Estudios Am","","Privado",0,"","","","Sin vacantes"
"678","Media Commerce Partners SA","","Privado",0,"","","","Sin vacantes"
"679","Universidad de Boyaca","","Privado",0,"","","","Sin vacantes"
"680","Melexa SA","","Privado",0,"","","","Sin vacantes"
"681","Cooperativa De Trabajadores De Las Empresas Del Gr","","Privado",0,"","","","Sin vacantes"
"682","Cristaleria Peldar S.A","","Privado",0,"","","","Sin vacantes"
"683","Universidad Popular Del Cesar","","Privado",0,"","","","Sin vacantes"
"684","AVAYA CMS / ASIC INGENIERIA","","Privado",0,"","","","Sin vacantes"
"685","FCR S.A.S.","","Privado",0,"","","","Sin vacantes"
"686","Flota La Macarena S.A.","","Privado",0,"","","","Sin vacantes"
"687","Wood Group Colombia S.A.","","Privado",0,"","","","Sin vacantes"
"688","METROAGUA S.A. E.S.P.","","Privado",0,"","","","Sin vacantes"
"689","Metroparques","","Privado",0,"","","","Sin vacantes"
"690","COMPANIA DE EMPAQUES S A","","Privado",0,"","","","Sin vacantes"
"691","Clofan - Clinica Oftalmologica de Antioquia S.A.","","Privado",0,"","","","Sin vacantes"
"692","MINERA TEXAS COLOMBIA SA","","Privado",0,"","","","Sin vacantes"
"693","Cooperativa Empresarial De Ahorro Y Credito","","Privado",0,"","","","Sin vacantes"
"694","Adornos Y Accesorios S.A.","","Privado",0,"","","","Sin vacantes"
"695","AVILAN SANTOS SOLUTIONS","","Privado",0,"","","","Sin vacantes"
"696","Cooperativa Medica de Antioquia -COMEDAL","","Privado",0,"","","","Sin vacantes"
"697","CODENSA S A  ESP","","Privado",0,"","","","Sin vacantes"
"698","Sociedad Oleoducto Bicentenario de Colombia S.A.S.","","Privado",0,"","","","Sin vacantes"
"699","Hospital Universitario San Vicente De Paul","","Privado",0,"","","","Sin vacantes"
"700","Distromel Andina Ltda","","Privado",0,"","","","Sin vacantes"
"701","IBC COLOMBIA S.A.","","Privado",0,"","","","Sin vacantes"
"702","IDIME S.A.","","Privado",0,"","","","Sin vacantes"
"703","Superservicios del Oriente del Valle S.A.","","Privado",0,"","","","Sin vacantes"
"704","Fondo De Empleados Av Villas","","Privado",0,"","","","Sin vacantes"
"705","Incauca SA","","Privado",0,"","","","Sin vacantes"
"706","Morelco S.A.S","","Privado",0,"","","","Sin vacantes"
"707","Banca de Inversiones Bancolombia","","Privado",0,"","","","Sin vacantes"
"708","Cupic SA","","Privado",0,"","","","Sin vacantes"
"709","Tennis SA","","Privado",0,"","","","Sin vacantes"
"710","CURTIEMBRES BUFALO S.A.","","Privado",0,"","","","Sin vacantes"
"711","Termovalle SAS ESP","","Privado",0,"","","","Sin vacantes"
"712","Cooperativa De Trabajadores De La Casa Editorial E","","Privado",0,"","","","Sin vacantes"
"713","INFRAESTRUCTURA CELULAR COLOMBIANA S A E S P","","Privado",0,"","","","Sin vacantes"
"714","DEPARTAMENTO DEL ATLANTICO","","Privado",0,"","","","Sin vacantes"
"715","MULTIACTIVA EL ROBLE ENTIDAD COOPERATIVA","","Privado",0,"","","","Sin vacantes"
"716","CONCESIONARIA RUTA DEL SOL S.A.S","","Privado",0,"","","","Sin vacantes"
"717","FONDO DE EMPLEADOS DEL GRUPO CORPORATIVO EFICACIA","","Privado",0,"","","","Sin vacantes"
"718","INGENIO RISARALDA","","Privado",0,"","","","Sin vacantes"
"719","COLEGIO DE ESTUDIOS SUPERIORES DE ADMINISTRACION","","Privado",0,"","","","Sin vacantes"
"720","Institucion Universitaria Antonio Jose Camacho","","Privado",0,"","","","Sin vacantes"
"721","Unilever Andina Colombia Ltda","","Privado",0,"","","","Sin vacantes"
"722","Universal de Casinos SA","","Privado",0,"","","","Sin vacantes"
"723","FONDO DE EMPLEADOS Y PENSIONADOS DE LA EMPRESA DE","","Privado",0,"","","","Sin vacantes"
"724","Centro Inca","","Privado",0,"","","","Sin vacantes"
"725","e2 Energia Eficiente S.A. E.S.P.","","Privado",0,"","","","Sin vacantes"
"726","Universidad CES","","Privado",0,"","","","Sin vacantes"
"727","Consorcio Cygnus","","Privado",0,"","","","Sin vacantes"
"728","National Oliwell Varco De Colombia","","Privado",0,"","","","Sin vacantes"
"729","EUROCERAMICA S.A.","","Privado",0,"","","","Sin vacantes"
"730","AGUAS DE RIONEGRO S A E S P","","Privado",0,"","","","Sin vacantes"
"731","NET GROUP SA","","Privado",0,"","","","Sin vacantes"
"732","Certicamara","","Privado",0,"","","","Sin vacantes"
"733","CABLES DE ENERGIA Y DE TELECOMUNICACIONES S.A.","","Privado",0,"","","","Sin vacantes"
"734","NOWI S.A.S","","Privado",0,"","","","Sin vacantes"
"735","Uraki Inmobiliaria S.A.S","","Privado",0,"","","","Sin vacantes"
"736","Colmena Riesgos Profesionales SA","","Privado",0,"","","","Sin vacantes"
"737","NYL Electronica S.A","","Privado",0,"","","","Sin vacantes"
"738","VIDRIO ANDINO S.A.","","Privado",0,"","","","Sin vacantes"
"739","ADMINISTRADORA COUNTRY S.A.","","Privado",0,"","","","Sin vacantes"
"740","Zona Franca De Barranquilla SA U O Z F","","Privado",0,"","","","Sin vacantes"
"741","EDICIONES GAMMA S.A.","","Privado",0,"","","","Sin vacantes"
"742","Argos S.A","","Privado",0,"","","","Sin vacantes"
"743","Cooperativa Multiactiva de los Trabajadores de San","","Privado",0,"","","","Sin vacantes"
"744","B-LOGIC","","Privado",0,"","","","Sin vacantes"
"745","Editorial Televisa Colombia Cultural","","Privado",0,"","","","Sin vacantes"
"746","Oleoducto de los Llanos Orientales S.A","","Privado",0,"","","","Sin vacantes"
"747","Compania Colombiana de Tabaco S.A.","","Privado",0,"","","","Sin vacantes"
"748","Eduardono S.A","","Privado",0,"","","","Sin vacantes"
"749","Camara De Comercio De Cartagena","","Privado",0,"","","","Sin vacantes"
"750","ORQUESTA FILARMONICA DE BOGOTA","","Privado",0,"","","","Sin vacantes"
"751","SIEMENS S.A.","","Privado",0,"","","","Sin vacantes"
"752","Aif Capital SAS","","Privado",0,"","","","Sin vacantes"
"753","COOPERATIVA DEPARTAMENTAL DE CAFICULTORES DEL HUIL","","Privado",0,"","","","Sin vacantes"
"754","Forsa S.A.","","Privado",0,"","","","Sin vacantes"
"755","COOPERATIVA CIDESA","","Privado",0,"","","","Sin vacantes"
"756","FRIMAC S A","","Privado",0,"","","","Sin vacantes"
"757","Grupo Odinsa S.A","","Privado",0,"","","","Sin vacantes"
"758","Cooperativa AVP","","Privado",0,"","","","Sin vacantes"
"759","harinera del valle","","Privado",0,"","","","Sin vacantes"
"760","COOPERATIVA MULTISERVICIOS COOTRACOLTA LTDA","","Privado",0,"","","","Sin vacantes"
"761","Caroil S.A Sucursal Colombia","","Privado",0,"","","","Sin vacantes"
"762","FUNDACION AMIGOS DE LA SALUD","","Privado",0,"","","","Sin vacantes"
"763","Corporacion Universitaria Reformada","","Privado",0,"","","","Sin vacantes"
"764","Acciones de Colombia S.A.","","Privado",0,"","","","Sin vacantes"
"765","HMCL COLOMBIA SAS","","Privado",0,"","","","Sin vacantes"
"766","SOCIEDAD FERRETERA DEL COMERCIO","","Privado",0,"","","","Sin vacantes"
"767","Fundacion Hospital de la Misericordia","","Privado",0,"","","","Sin vacantes"
"768","HOSPITAL SAN IGNACIO","","Privado",0,"","","","Sin vacantes"
"769","Politecnico internacional","","Privado",0,"","","","Sin vacantes"
"770","Hospital Universitario San Ignacio","","Privado",0,"","","","Sin vacantes"
"771","Fundacion Hospitalaria San Vicente De Paul","","Privado",0,"","","","Sin vacantes"
"772","Sodexho Colombia SA","","Privado",0,"","","","Sin vacantes"
"773","Apuestas Azar SA","","Privado",0,"","","","Sin vacantes"
"774","Human Capital Outsourcing SA","","Privado",0,"","","","Sin vacantes"
"775","Colpatria","","Privado",0,"","","","Sin vacantes"
"776","EMPRESAS PUBLICAS DE ARMENIA","","Privado",0,"","","","Sin vacantes"
"777","Colpatria Multibanca","","Privado",0,"","","","Sin vacantes"
"778","Prestatodos S.A.","","Privado",0,"","","","Sin vacantes"
"779","FUNDACION MUNDO MUJER","","Privado",0,"","","","Sin vacantes"
"780","Bolsa de Valores de Colombia S.A","","Privado",0,"","","","Sin vacantes"
"781","El Corte Ingles","","Privado",0,"","","","Sin vacantes"
"782","Badivencoop Ltda- Cooperativa De Trabajadores De B","","Privado",0,"","","","Sin vacantes"
"783","Enlace Operativo SA","","Privado",0,"","","","Sin vacantes"
"784","Fundacion Santa Maria","","Privado",0,"","","","Sin vacantes"
"785","EPM TELECOMUNICACIONES SA ESP","","Privado",0,"","","","Sin vacantes"
"786","CAJA DE COMPENSACION FAMILIAR REGIONAL META","","Privado",0,"","","","Sin vacantes"
"787","Corredor Empresarial S.A.","","Privado",0,"","","","Sin vacantes"
"788","Alliance Enterprise S.A.S","","Privado",0,"","","","Sin vacantes"
"789","Brigard & Urrutia Abogados S.A.S","","Privado",0,"","","","Sin vacantes"
"790","Electricos Amperex","","Privado",0,"","","","Sin vacantes"
"791","Tecnoevolucion LTDA","","Privado",0,"","","","Sin vacantes"
"792","Fundacion Universitaria Cafam","","Privado",0,"","","","Sin vacantes"
"793","Industrias Electromecanicas Magnetron SA","","Privado",0,"","","","Sin vacantes"
"794","Proimpo SAS","","Privado",0,"","","","Sin vacantes"
"795","Terminales De Transporte De Medellin SA","","Privado",0,"","","","Sin vacantes"
"796","Promotora La Aurora SA","","Privado",0,"","","","Sin vacantes"
"797","Compudatos S.a.s.","","Privado",0,"","","","Sin vacantes"
"798","Fundacion Universitaria Catolica del Norte","","Privado",0,"","","","Sin vacantes"
"799","TEXCAUCA S.A.","","Privado",0,"","","","Sin vacantes"
"800","Fundacion Universitaria Cervantina San Agustin FUC","","Privado",0,"","","","Sin vacantes"
"801","THOMAS GREG EXPRESS S A","","Privado",0,"","","","Sin vacantes"
"802","FUNDACION UNIVERSITARIA DE POPAYAN","","Privado",0,"","","","Sin vacantes"
"803","INELECTRA COLOMBIA S A","","Privado",0,"","","","Sin vacantes"
"804","Topen Oil & Gas Services S.A","","Privado",0,"","","","Sin vacantes"
"805","Electrificadora Del Caqueta Sa","","Privado",0,"","","","Sin vacantes"
"806","Comunidad de Hermanas Dominicas de la Presentacion","","Privado",0,"","","","Sin vacantes"
"807","Barranquilla Container Terminal. SA","","Privado",0,"","","","Sin vacantes"
"808","Transporte Inteligente S A","","Privado",0,"","","","Sin vacantes"
"809","R&T SA","","Privado",0,"","","","Sin vacantes"
"810","Ingenio Carmelita S.A.","","Privado",0,"","","","Sin vacantes"
"811","Corporacion Universitaria De Investigacion Y Desar","","Privado",0,"","","","Sin vacantes"
"812","Conalvias Construcciones S.A.S","","Privado",0,"","","","Sin vacantes"
"813","COMFENALCO CARTAGENA","","Privado",0,"","","","Sin vacantes"
"814","Concesiones CCFC S.A","","Privado",0,"","","","Sin vacantes"
"815","Confecciones Aventura S A","","Privado",0,"","","","Sin vacantes"
"816","Fundacion Universitaria Para El Desarrollo Humano","","Privado",0,"","","","Sin vacantes"
"817","Ingredion Colombia S.A.","","Privado",0,"","","","Sin vacantes"
"818","Fundacion Valle del Lili","","Privado",0,"","","","Sin vacantes"
"819","Escuela de Administracion de Negocios EAN","","Privado",0,"","","","Sin vacantes"
"820","COMISION DE REGULACION DE ENERGIA Y GAS - CREG","","Privado",0,"","","","Sin vacantes"
"821","Corredores Davivienda S A Comisionista de Bolsa","","Privado",0,"","","","Sin vacantes"
"822","Refinancia S.A.","","Privado",0,"","","","Sin vacantes"
"823","Centro de Investigaciones Medicas de Antioquia - C","","Privado",0,"","","","Sin vacantes"
"824","COOPERATIVA CASA NACIONAL DEL PROFESOR","","Privado",0,"","","","Sin vacantes"
"825","AEROCALI S.A.","","Privado",0,"","","","Sin vacantes"
"826","Calier Internacional De Colombia S.A","","Privado",0,"","","","Sin vacantes"
"827","Union Temporal Fibralan","","Privado",0,"","","","Sin vacantes"
"828","Cooperativa Del Sistema Nacional De Justicia Juris","","Privado",0,"","","","Sin vacantes"
"829","Escuela Tecnologica Instituto Tecnico Central","","Privado",0,"","","","Sin vacantes"
"830","COVICSS Fondo de Empleados para Vivienda del Insti","","Privado",0,"","","","Sin vacantes"
"831","COOP EMPRESARIAL MULTIACTIVA POPULAR COEMPOPULAR","","Privado",0,"","","","Sin vacantes"
"832","ESE HOSPITAL SAN VICENTE DE PAUL","","Privado",0,"","","","Sin vacantes"
"833","RIGHT HAND LTDA","","Privado",0,"","","","Sin vacantes"
"834","Banco Bilbao Vizcaya Argentaria Colombia S.A.","","Privado",0,"","","","Sin vacantes"
"835","Ripley Colombia","","Privado",0,"","","","Sin vacantes"
"836","UNIVERSIDAD DE BOGOTA JORGE TADEO LOZANO","","Privado",0,"","","","Sin vacantes"
"837","RTVC","","Privado",0,"","","","Sin vacantes"
"838","ETERNIT COLOMBIANA S A","","Privado",0,"","","","Sin vacantes"
"839","Gases De La Guajira SA Esp Gasguajira SA Esp","","Privado",0,"","","","Sin vacantes"
"840","Instituto Gran Colombiano Jose Mutis","","Privado",0,"","","","Sin vacantes"
"841","SAINT GOBAIN DE COLOMBIA S.A.","","Privado",0,"","","","Sin vacantes"
"842","Consorcio Fia","","Privado",0,"","","","Sin vacantes"
"843","Emo Materials","","Privado",0,"","","","Sin vacantes"
"844","INSTITUTO PARA LA INV. EDUC Y EL DESARROLLO PEDAGO","","Privado",0,"","","","Sin vacantes"
"845","DATA TOOLS SA","","Privado",0,"","","","Sin vacantes"
"846","Consorcio Servicios de Transito de Manizales","","Privado",0,"","","","Sin vacantes"
"847","Gelco S.A.S.","","Privado",0,"","","","Sin vacantes"
"848","INSTITUTO TECNOLOGICO DE SOLEDAD ATLANTICO","","Privado",0,"","","","Sin vacantes"
"849","Datacenter S.A.","","Privado",0,"","","","Sin vacantes"
"850","C I Hermeco SA","","Privado",0,"","","","Sin vacantes"
"851","Generali Colombia-Seguros Generales S.A","","Privado",0,"","","","Sin vacantes"
"852","Universidad Pontificia Bolivariana Seccional Bucar","","Privado",0,"","","","Sin vacantes"
"853","Gestion Energetica Gensa S A E S P","","Privado",0,"","","","Sin vacantes"
"854","Exiplast S.A.S.","","Privado",0,"","","","Sin vacantes"
"855","Gestiones y Cobranzas SA G&C SA","","Privado",0,"","","","Sin vacantes"
"856","Universidad Sergio Arboleda","","Privado",0,"","","","Sin vacantes"
"857","COMISION NACIONAL DEL SERVICIO CIVIL-CNSC","","Privado",0,"","","","Sin vacantes"
"858","Universitaria Autonoma De Occidente","","Privado",0,"","","","Sin vacantes"
"859","EMPRESA DE ENERGIA DE CUNDINAMARCA S.A E.S.P","","Privado",0,"","","","Sin vacantes"
"860","Falabella De Colombia S A","","Privado",0,"","","","Sin vacantes"
"861","Girotex S.A.S","","Privado",0,"","","","Sin vacantes"
"862","FEDCO S A","","Privado",0,"","","","Sin vacantes"
"863","Global Crossing Colombia","","Privado",0,"","","","Sin vacantes"
"864","Chaid Neme Hermanos S.A.","","Privado",0,"","","","Sin vacantes"
"865","Cooperativa Financiera JFK","","Privado",0,"","","","Sin vacantes"
"866","Ferrasa S.A.S.","","Privado",0,"","","","Sin vacantes"
"867","Global Knowledge Colombia Ltda","","Privado",0,"","","","Sin vacantes"
"868","Jointing Ltda","","Privado",0,"","","","Sin vacantes"
"869","BENEFICENCIA DE ANTIOQUIA","","Privado",0,"","","","Sin vacantes"
"870","ACERCASA S.A.S.","","Privado",0,"","","","Sin vacantes"
"871","AREA METROPOLITANA DEL VALLE DE ABURRA","","Privado",0,"","","","Sin vacantes"
"872","COOP. MULTIACTIVA DE PROFESIONALES -SOMEC","","Privado",0,"","","","Sin vacantes"
"873","Biofilm S A","","Privado",0,"","","","Sin vacantes"
"874","Caja De Compensacion Familiar De Fenalco Del Tolima","","Privado",0,"","","","Sin vacantes"
"875","SISTEMA PARA LA INTEGRACION DEL SERVICIO PUBLICO D","","Privado",0,"","","","Sin vacantes"
"876","Cooperativa De Trabajadores De La Industria Milita","","Privado",0,"","","","Sin vacantes"
"877","Camara De Comercio De Armenia","","Privado",0,"","","","Sin vacantes"
"878","EMPPRESA DE OBRAS SANIT DE PASTO EMPOPASTO S.A.","","Privado",0,"","","","Sin vacantes"
"879","RTS SAS","","Privado",0,"","","","Sin vacantes"
"880","Holcim Colombia SA","","Privado",0,"","","","Sin vacantes"
"881","Supra Games Sas","","Privado",0,"","","","Sin vacantes"
"882","Holding Inmobiliaria Limitada","","Privado",0,"","","","Sin vacantes"
"883","Cooperativa De Ahorro Y Credito Colanta","","Privado",0,"","","","Sin vacantes"
"884","Fondo de Empleados de Peldar","","Privado",0,"","","","Sin vacantes"
"885","Ad Electronics SAS","","Privado",0,"","","","Sin vacantes"
"886","Commercial Operations Company S A","","Privado",0,"","","","Sin vacantes"
"887","Empresa Carnica de Envigado - Envicarnicos E.I.C.E","","Privado",0,"","","","Sin vacantes"
"888","SOCIEDAD SALESIANA INSPECTORIA DE BOGOTA","","Privado",0,"","","","Sin vacantes"
"889","Hospital San Juan De Dios Abejorral","","Privado",0,"","","","Sin vacantes"
"890","TELEVIDEO, S.A.","","Privado",0,"","","","Sin vacantes"
"891","Empresa Cotrafa de Servicios Sociales","","Privado",0,"","","","Sin vacantes"
"892","Cooperativa Multiactiva De Servicios Solidarios Co","","Privado",0,"","","","Sin vacantes"
"893","Empresa De Acueducto Alcantarillado Y Aseo de Yopa","","Privado",0,"","","","Sin vacantes"
"894","Consorcio Prosperar","","Privado",0,"","","","Sin vacantes"
"895","Hoteles Estelar SA","","Privado",0,"","","","Sin vacantes"
"896","Autoboy S.A.","","Privado",0,"","","","Sin vacantes"
"897","Cpmx SAS","","Privado",0,"","","","Sin vacantes"
"898","CASA LIMPIA S.A.","","Privado",0,"","","","Sin vacantes"
"899","Fondo De Empleados Y Pensionados Del Sector Energ","","Privado",0,"","","","Sin vacantes"
"900","BBVA Seguros de Vida Colombia SA","","Privado",0,"","","","Sin vacantes"
"901","CAJA DE COMPENSACION FAMILIAR DEL CAUCA","","Privado",0,"","","","Sin vacantes"
"902","EMPRESA DE AGUAS DE GIRARDOT RICAURTE Y LA REGION","","Privado",0,"","","","Sin vacantes"
"903","Fundación De Egresados De La Universidad Distrita","","Privado",0,"","","","Sin vacantes"
"904","Empresa de Aseo de Pereira S.A. E.S.P.","","Privado",0,"","","","Sin vacantes"
"905","Starmicros Com Ltda","","Privado",0,"","","","Sin vacantes"
"906","Cooperativa De Ahorro Y Credito Coompartir","","Privado",0,"","","","Sin vacantes"
"907","Compañia de Vigilancia y Seguridad Privada Aguila","","Privado",0,"","","","Sin vacantes"
"908","Termotecnica Coindustrial SA","","Privado",0,"","","","Sin vacantes"
"909","U.S. DEPARTMENT OF STATE","","Privado",0,"","","","Sin vacantes"
"910","Cooperativa De Ahorro Y Credito Cootraipi","","Privado",0,"","","","Sin vacantes"
"911","Union temporal seguridad Epig","","Privado",0,"","","","Sin vacantes"
"912","Empresa de Energia de Casanare Enerca SA ESP","","Privado",0,"","","","Sin vacantes"
"913","Electroferia SAS","","Privado",0,"","","","Sin vacantes"
"914","CRECIAT","","Privado",0,"","","","Sin vacantes"
"915","CONSORCIO VIG","","Privado",0,"","","","Sin vacantes"
"916","COOPERATIVA ESPECIALIZADA EN APORTES Y CREDITO DEL","","Privado",0,"","","","Sin vacantes"
"917","Harsco Infraestructura Colombia Ltd","","Privado",0,"","","","Sin vacantes"
"918","Ig Web Services S.A.","","Privado",0,"","","","Sin vacantes"
"919","Fondo De Empleados De Las Empresas Publicas Y Priv","","Privado",0,"","","","Sin vacantes"
"920","Empresa De Energia Del Bajo Putumayo S.A.","","Privado",0,"","","","Sin vacantes"
"921","Fondo De Empleados Del Banco De Bogota","","Privado",0,"","","","Sin vacantes"
"922","ILUMINACION YARIGUIES S.A","","Privado",0,"","","","Sin vacantes"
"923","Fondo De Empleados Del Sistema De Comercio Exterio","","Privado",0,"","","","Sin vacantes"
"924","Salud Profesional Precooperativa De Trabajo Asocia","","Privado",0,"","","","Sin vacantes"
"925","Empresa de Energia del Putumayo S.A. ESP","","Privado",0,"","","","Sin vacantes"
"926","Corporacion Hospital Infantil Concejo De Medellin","","Privado",0,"","","","Sin vacantes"
"927","IMPORTACIONES Y ASESORIAS TROPI S.A.S.","","Privado",0,"","","","Sin vacantes"
"928","Fondo Para La Accion Ambiental Y La Ninez","","Privado",0,"","","","Sin vacantes"
"929","AUTOMUNDIAL S.A.","","Privado",0,"","","","Sin vacantes"
"930","Compania De Jesus","","Privado",0,"","","","Sin vacantes"
"931","BINCOLPAR S.A.","","Privado",0,"","","","Sin vacantes"
"932","E S E HOSPITAL DE MEISSEN","","Privado",0,"","","","Sin vacantes"
"933","Celumania Entretenimiento Celular S.A.S","","Privado",0,"","","","Sin vacantes"
"934","Fundacion hospital San Pedro","","Privado",0,"","","","Sin vacantes"
"935","EMPRESA DE LICORES DE CUNDINAMARCA","","Privado",0,"","","","Sin vacantes"
"936","SOLO POR SERVICIO","","Privado",0,"","","","Sin vacantes"
"937","INDUSTRIA COLOMBIANA DE CONFECCIONES S.A INCOCO S","","Privado",0,"","","","Sin vacantes"
"938","Industria Colombiana De Llantas SA Icollantas SA","","Privado",0,"","","","Sin vacantes"
"939","Cooperativa De Profesionales Sanitas CPS","","Privado",0,"","","","Sin vacantes"
"940","Telebucaramanga","","Privado",0,"","","","Sin vacantes"
"941","Empresa de Servicios Publicos de Acacias S.A","","Privado",0,"","","","Sin vacantes"
"942","TERMINAL DE TRANSPORTES GARZON S.A.","","Privado",0,"","","","Sin vacantes"
"943","INDUSTRIA FARMACEUTICA UNION DE VERTICES DE TECNOF","","Privado",0,"","","","Sin vacantes"
"944","Corporacion Universitaria Autonoma Del Cauca","","Privado",0,"","","","Sin vacantes"
"945","INDUSTRIA TEXTIL COLOMBIANA INTEXCO S.A.S","","Privado",0,"","","","Sin vacantes"
"946","Transportes Saferbo S.A.","","Privado",0,"","","","Sin vacantes"
"947","Empresa De Servicios Publicos De Valledupar Emdupa","","Privado",0,"","","","Sin vacantes"
"948","Genetica Molecular de Colombia Ltda.","","Privado",0,"","","","Sin vacantes"
"949","Empresa De Servicios Publicos Domiciliarios De Gua","","Privado",0,"","","","Sin vacantes"
"950","Coofipopular Cooperativa De Fomento E Inversion Po","","Privado",0,"","","","Sin vacantes"
"951","CENTRAL DE TRANSPORTES ESTACION CUCUTA","","Privado",0,"","","","Sin vacantes"
"952","Cooperativa Multiactiva Redil","","Privado",0,"","","","Sin vacantes"
"953","Empresa De Sevicios Públicos De Cajica","","Privado",0,"","","","Sin vacantes"
"954","ALMACENES GENERALES DE DEPOSITO ALMAVIVA S A","","Privado",0,"","","","Sin vacantes"
"955","Consorcio Impregilo OHL","","Privado",0,"","","","Sin vacantes"
"956","INDUSTRIAS NORTECAUCANAS LIMITADA INORCA","","Privado",0,"","","","Sin vacantes"
"957","Electrojaponesa S.A","","Privado",0,"","","","Sin vacantes"
"958","Inelco S.A.","","Privado",0,"","","","Sin vacantes"
"959","Capitalizadora Colmena S.A.","","Privado",0,"","","","Sin vacantes"
"960","ABC.CO SA","","Privado",0,"","","","Sin vacantes"
"961","Centrales De Transportes S. A.","","Privado",0,"","","","Sin vacantes"
"962","Contacto Solutions","","Privado",0,"","","","Sin vacantes"
"963","Advanced Network Solutions Ltda.","","Privado",0,"","","","Sin vacantes"
"964","FONDO DE EMPLEADOS DE LA UNIVERSIDAD INDUSTRIAL DE","","Privado",0,"","","","Sin vacantes"
"965","Cooperativa San Simon","","Privado",0,"","","","Sin vacantes"
"966","COMERCIALIZADORA GIRALDO Y GOMEZ Y CIA. S.A.","","Privado",0,"","","","Sin vacantes"
"967","INFRACEL S.A. E.S.P.","","Privado",0,"","","","Sin vacantes"
"968","RADIO CADENA NACIONAL S.A.","","Privado",0,"","","","Sin vacantes"
"969","Fondo De Empleados Del Cerrejon Fondecor","","Privado",0,"","","","Sin vacantes"
"970","EMPRESA DE TRANSITO Y TRANSPORTE DE TURBACO S.A.S","","Privado",0,"","","","Sin vacantes"
"971","Renault Sofasa","","Privado",0,"","","","Sin vacantes"
"972","Ingemol S.A","","Privado",0,"","","","Sin vacantes"
"973","Ingenieria Electrica Y Electronica S.A. - Ingelel","","Privado",0,"","","","Sin vacantes"
"974","Fondo De Empleados Lafrancol","","Privado",0,"","","","Sin vacantes"
"975","Ingenieria Suministros Montajes Y Construcciones I","","Privado",0,"","","","Sin vacantes"
"976","Fondo De Empleados Para El Bienestar Social De Los","","Privado",0,"","","","Sin vacantes"
"977","INGENIERIA Y MINERIA DE OCCIDENTE SA INGEOCC SA","","Privado",0,"","","","Sin vacantes"
"978","CAJA DE COMPENSACION FAMILIAR DE CARTAGENA","","Privado",0,"","","","Sin vacantes"
"979","Empresa De Transito Y Transporte De Villa Del Rosa","","Privado",0,"","","","Sin vacantes"
"980","SELVASALUD SA EPS - S","","Privado",0,"","","","Sin vacantes"
"981","Ingenio Pichichi SA","","Privado",0,"","","","Sin vacantes"
"982","Cooperativa De Los Trabajadores De La Educacion Y","","Privado",0,"","","","Sin vacantes"
"983","Empresa De Transportes Calima S.A.","","Privado",0,"","","","Sin vacantes"
"984","Servicios Nutresa S.A.S","","Privado",0,"","","","Sin vacantes"
"985","Crediofertas SAS","","Privado",0,"","","","Sin vacantes"
"986","Coop. De Trabajadores Y Pensionados De La E.A.A.B.","","Privado",0,"","","","Sin vacantes"
"987","INMOBILIARIA ESTEBAN RIOS LTDA.","","Privado",0,"","","","Sin vacantes"
"988","AGUAS DE LA SABANA S.A. E.S.P.","","Privado",0,"","","","Sin vacantes"
"989","Innova Quality Sas","","Privado",0,"","","","Sin vacantes"
"990","Fundacion Esensa","","Privado",0,"","","","Sin vacantes"
"991","Empresa Metropolitana De Aseo S A E S P Emas","","Privado",0,"","","","Sin vacantes"
"992","Sociedad Portuaria Puerto Bahia","","Privado",0,"","","","Sin vacantes"
"993","Almacenes La 13 s.a.","","Privado",0,"","","","Sin vacantes"
"994","Cooperativa de Profesionales COASMEDAS","","Privado",0,"","","","Sin vacantes"
"995","CENTRALES ELECTRICAS DEL CAUCA S.A. E.S.P. CEDELCA","","Privado",0,"","","","Sin vacantes"
"996","SOPESA S.A. E.S.P.","","Privado",0,"","","","Sin vacantes"
"997","Institucion De Educacion Para El Trabajo Y Desarro","","Privado",0,"","","","Sin vacantes"
"998","Empresa Municipal de Servicios Publicos de Arauca","","Privado",0,"","","","Sin vacantes"
"999","Empresa Publica De Alcantarillado De Santander SA","","Privado",0,"","","","Sin vacantes"
"1000","Synapsis Colombia Ltda","","Privado",0,"","","","Sin vacantes"
"1001","Institucion Universitaria Tecnologica De Comfacauc","","Privado",0,"","","","Sin vacantes"
"1002","FUNDACION UNIVERSITARIA MONSERRATE F U M","","Privado",0,"","","","Sin vacantes"
"1003","Instituto Caro y Cuervo","","Privado",0,"","","","Sin vacantes"
"1004","Fundacion Universitaria San Martin","","Privado",0,"","","","Sin vacantes"
"1005","Instituto Cenis De Colombia","","Privado",0,"","","","Sin vacantes"
"1006","Compañia Industrial De Productos Agropecuarios Ci","","Privado",0,"","","","Sin vacantes"
"1007","Credisimple SAS","","Privado",0,"","","","Sin vacantes"
"1008","TERMINAL DE TRANSPORTES DE CHIQUINQUIRA  S.A","","Privado",0,"","","","Sin vacantes"
"1009","Centro De Mecanizados Del Cauca SA","","Privado",0,"","","","Sin vacantes"
"1010","TERMOBARRANQUILLA S.A. EMP DE SERV PUB TEBSA S.A.","","Privado",0,"","","","Sin vacantes"
"1011","CENTRO DE MEMORIA HISTORICA","","Privado",0,"","","","Sin vacantes"
"1012","COOPERATIVA DE SERVICIOS MULTIPLES MOGOTES LTDA -","","Privado",0,"","","","Sin vacantes"
"1013","Credit-union Cootraipi","","Privado",0,"","","","Sin vacantes"
"1014","TMB Transito Moderno De Bello Ltda","","Privado",0,"","","","Sin vacantes"
"1015","Empresa Social Del Estado Hospital Ivan Restrepo G","","Privado",0,"","","","Sin vacantes"
"1016","Transportadora de Gas Internacional S.A. ESP","","Privado",0,"","","","Sin vacantes"
"1017","Triada Ema S.A. Sucursal Colombia","","Privado",0,"","","","Sin vacantes"
"1018","Asociacion Colombiana De Porcicultores","","Privado",0,"","","","Sin vacantes"
"1019","Cooperativa Multiactiva De Servicios De La Univers","","Privado",0,"","","","Sin vacantes"
"1020","EMPRESA SOCIAL DEL ESTADO HOSPITAL SANTA CLARA","","Privado",0,"","","","Sin vacantes"
"1021","BANCO GNB Colombia S A","","Privado",0,"","","","Sin vacantes"
"1022","Instituto de Financiamiento, Promocion y Desarroll","","Privado",0,"","","","Sin vacantes"
"1023","Unidad de planificacion de tierras rurales","","Privado",0,"","","","Sin vacantes"
"1024","EMPRESA URRA S.A. E.S.P.","","Privado",0,"","","","Sin vacantes"
"1025","Union Temporal EGI","","Privado",0,"","","","Sin vacantes"
"1026","UNION TEMPORAL SIES 2011","","Privado",0,"","","","Sin vacantes"
"1027","ACONDESA","","Privado",0,"","","","Sin vacantes"
"1028","Instituto De Valorizacion De Manizales","","Privado",0,"","","","Sin vacantes"
"1029","Consorcio Constructor Pob (Jv-Pob)","","Privado",0,"","","","Sin vacantes"
"1030","Cooperativa Santandereana De Transportadores Limit","","Privado",0,"","","","Sin vacantes"
"1031","Cresi S.A.S","","Privado",0,"","","","Sin vacantes"
"1032","Consorcio SETI","","Privado",0,"","","","Sin vacantes"
"1033","INSTITUTO FINANCIERO DE CASANARE - IFC","","Privado",0,"","","","Sin vacantes"
"1034","Cámara de Compensación de Divisas de Colombia S.","","Privado",0,"","","","Sin vacantes"
"1035","Instituto Financiero Para El Desarrollo Del Valle","","Privado",0,"","","","Sin vacantes"
"1036","Constructora Capital SA","","Privado",0,"","","","Sin vacantes"
"1037","Cooperativa De Ahorro Y Credito Crediservir Ltda","","Privado",0,"","","","Sin vacantes"
"1038","Cooperativa De Ahorro Y Credito Alicalicop","","Privado",0,"","","","Sin vacantes"
"1039","Universitaria Virtual Internacional","","Privado",0,"","","","Sin vacantes"
"1040","COOPESAGUA: COOPERATIVA SOCIAL DE LA GUAJIRA","","Privado",0,"","","","Sin vacantes"
"1041","Hamburg Sud Colombia Ltda","","Privado",0,"","","","Sin vacantes"
"1042","CENTROAGUAS S.A E.S.P","","Privado",0,"","","","Sin vacantes"
"1043","Carnicos Y Alimentos SA","","Privado",0,"","","","Sin vacantes"
"1044","Instituto Nacional de Vigilancia de Medicamentos y","","Privado",0,"","","","Sin vacantes"
"1045","Zimple Logistica Sas","","Privado",0,"","","","Sin vacantes"
"1046","INSTITUTO NACIONAL PARA CIEGOS","","Privado",0,"","","","Sin vacantes"
"1047","PROPLAS S.A","","Privado",0,"","","","Sin vacantes"
"1048","Bolsa y Renta SA","","Privado",0,"","","","Sin vacantes"
"1049","INSTITUTO NEUROLOGICO DE COLOMBIA","","Privado",0,"","","","Sin vacantes"
"1050","Fondo De Empleados De Las Entidades De Inteligenci","","Privado",0,"","","","Sin vacantes"
"1051","Energy Geophysical Services Field crews","","Privado",0,"","","","Sin vacantes"
"1052","Comercializadora Santander SA","","Privado",0,"","","","Sin vacantes"
"1053","Instituto Superior De Educacion Rural","","Privado",0,"","","","Sin vacantes"
"1054","Qvit Colombia SAS","","Privado",0,"","","","Sin vacantes"
"1055","Avidesa McPollo","","Privado",0,"","","","Sin vacantes"
"1056","Total Avidesa McPollo","","Privado",0,"","","","Sin vacantes"
"1057","Enermont S.A.S E.S.P","","Privado",0,"","","","Sin vacantes"
"1058","Reckitt Benckiser Colombia S A","","Privado",0,"","","","Sin vacantes"
"1059","INSTITUTO TECNOLÒGICO DE ANTIOQUIA","","Privado",0,"","","","Sin vacantes"
"1060","RED DE SERVICIOS DE OCCIDENTE","","Privado",0,"","","","Sin vacantes"
"1061","Coopmincom Ltda","","Privado",0,"","","","Sin vacantes"
"1062","COOPERATIVA DE TRANSPORTES VELOTAX LTDA","","Privado",0,"","","","Sin vacantes"
"1063","INSTITUTO TRANSITO Y TRANSPORTE DEL ATLANTICO","","Privado",0,"","","","Sin vacantes"
"1064","Rentandes SA","","Privado",0,"","","","Sin vacantes"
"1065","Integra S.A","","Privado",0,"","","","Sin vacantes"
"1066","FONDO DE EMPLEADOS FONOALIANZA","","Privado",0,"","","","Sin vacantes"
"1067","Fondo De Empleados Hospital Militar Central - Fond","","Privado",0,"","","","Sin vacantes"
"1068","CERAMIGRES S.A.","","Privado",0,"","","","Sin vacantes"
"1069","RUITOQUE S.A E.S.P","","Privado",0,"","","","Sin vacantes"
"1070","INTEGRAL S.A","","Privado",0,"","","","Sin vacantes"
"1071","Fondo de Empleados Levapan","","Privado",0,"","","","Sin vacantes"
"1072","Integrales Colombia","","Privado",0,"","","","Sin vacantes"
"1073","COOPERATIVA DE EMPLEADOS Y EX EMPLEADOS DEL CITI C","","Privado",0,"","","","Sin vacantes"
"1074","Intendencia Regional DIMAR 4","","Privado",0,"","","","Sin vacantes"
"1075","AGUAS DE CARTAGENA E.S.P S.A. ACUACAR","","Privado",0,"","","","Sin vacantes"
"1076","BOTERO LOZADA LTDA","","Privado",0,"","","","Sin vacantes"
"1077","Interasesores Asesores Empresariales Administrativ","","Privado",0,"","","","Sin vacantes"
"1078","Distribuciones Pharmaser Ltda","","Privado",0,"","","","Sin vacantes"
"1079","COOSANANDRESITO: COOPERATIVA MULTIACTIVA DE PROPIE","","Privado",0,"","","","Sin vacantes"
"1080","Fondo de Vigilancia y Seg de Santa Fe de Bogota D","","Privado",0,"","","","Sin vacantes"
"1081","INTERCONEXION ELECTRICA S A ISA","","Privado",0,"","","","Sin vacantes"
"1082","Cooperativa De La Guajira Confiamos","","Privado",0,"","","","Sin vacantes"
"1083","INTERCREDITO DE COLOMBIA S.A.","","Privado",0,"","","","Sin vacantes"
"1084","Seguros del Estado SA","","Privado",0,"","","","Sin vacantes"
"1085","Interdinco S.A.","","Privado",0,"","","","Sin vacantes"
"1086","SERBACOL ESP","","Privado",0,"","","","Sin vacantes"
"1087","BP EXPLORATION","","Privado",0,"","","","Sin vacantes"
"1088","Corporacion para el Desarrollo Sostenible de la Mo","","Privado",0,"","","","Sin vacantes"
"1089","Internacional Private Company IPAC SA","","Privado",0,"","","","Sin vacantes"
"1090","SERVICIO INTEGRADO DE INGENIERIA TRANSPORTE Y TECN","","Privado",0,"","","","Sin vacantes"
"1091","Corporacion Para Estudios En Salud","","Privado",0,"","","","Sin vacantes"
"1092","Cootracerrejon","","Privado",0,"","","","Sin vacantes"
"1093","Servivir, Grupo Empresarial De La Economia Solidar","","Privado",0,"","","","Sin vacantes"
"1094","Interservicios cooperativa multiactiva","","Privado",0,"","","","Sin vacantes"
"1095","Intexmoda S.A.","","Privado",0,"","","","Sin vacantes"
"1096","Sistema Integrado de Transporte S.I 99 S.A","","Privado",0,"","","","Sin vacantes"
"1097","Cerveceria del Valle SA","","Privado",0,"","","","Sin vacantes"
"1098","FRUTICOLA DE COLOMBIA S.A","","Privado",0,"","","","Sin vacantes"
"1099","Inversiones Argos SA","","Privado",0,"","","","Sin vacantes"
"1100","Compania de seguros de vida Aurora S.A","","Privado",0,"","","","Sin vacantes"
"1101","INVERSIONES BUENA FORTUNA SAS","","Privado",0,"","","","Sin vacantes"
"1102","E&M ASESORES EN SALUD SAS","","Privado",0,"","","","Sin vacantes"
"1103","Inversiones conalvias S.A.S.","","Privado",0,"","","","Sin vacantes"
"1104","Compania De Servicios Y Administracion S A Serdan","","Privado",0,"","","","Sin vacantes"
"1105","FUNDACION EMPRENDER MICROCREDITO","","Privado",0,"","","","Sin vacantes"
"1106","Inversiones Jalbor S.A.S","","Privado",0,"","","","Sin vacantes"
"1107","Sociedad Medica Antioquena S.A. Soma","","Privado",0,"","","","Sin vacantes"
"1108","Inversiones LIDAN S.A.S","","Privado",0,"","","","Sin vacantes"
"1109","Crowe Horwath CO SA","","Privado",0,"","","","Sin vacantes"
"1110","Fundacion Nacional Batuta","","Privado",0,"","","","Sin vacantes"
"1111","Cesca Cooperativa De Ahorro Y Credito","","Privado",0,"","","","Sin vacantes"
"1112","Fundacion Parque De La Cultura Cafetera","","Privado",0,"","","","Sin vacantes"
"1113","COOTRAUNION","","Privado",0,"","","","Sin vacantes"
"1114","Somex SA","","Privado",0,"","","","Sin vacantes"
"1115","COPACREDITO","","Privado",0,"","","","Sin vacantes"
"1116","Fundacion Universidad Autonoma de Colombia","","Privado",0,"","","","Sin vacantes"
"1117","COPERAGRO EC- Cooperativa Multiactiva de Trabajado","","Privado",0,"","","","Sin vacantes"
"1118","Isec S.A. (CBM)","","Privado",0,"","","","Sin vacantes"
"1119","SuperGiros S.A","","Privado",0,"","","","Sin vacantes"
"1120","Challenger S.A.S","","Privado",0,"","","","Sin vacantes"
"1121","Fundacion Universitaria Claretiana","","Privado",0,"","","","Sin vacantes"
"1122","Itansuca S.A.","","Privado",0,"","","","Sin vacantes"
"1123","Fundacion Universitaria de Ciencias de la Salud","","Privado",0,"","","","Sin vacantes"
"1124","Checorepuestos S.A.S","","Privado",0,"","","","Sin vacantes"
"1125","Fundacion Universitaria Juan de Castellanos","","Privado",0,"","","","Sin vacantes"
"1126","CI Agrofrut SA","","Privado",0,"","","","Sin vacantes"
"1127","Arquidiocesis De Medellin","","Privado",0,"","","","Sin vacantes"
"1128","CI Antillana SA","","Privado",0,"","","","Sin vacantes"
"1129","Cooperativa Multiactiva De La Corporacion Minuto D","","Privado",0,"","","","Sin vacantes"
"1130","J E JAIMES","","Privado",0,"","","","Sin vacantes"
"1131","TECNOIMAGENES S.A.","","Privado",0,"","","","Sin vacantes"
"1132","Coprocenva Cooperativa de Ahorro y Credito","","Privado",0,"","","","Sin vacantes"
"1133","Tega Electrodomesticos S.A.S.","","Privado",0,"","","","Sin vacantes"
"1134","JHS Ingenieria Ltda","","Privado",0,"","","","Sin vacantes"
"1135","Telecom","","Privado",0,"","","","Sin vacantes"
"1136","Cooperativa de Ahorro y Credito de Santander Ltda","","Privado",0,"","","","Sin vacantes"
"1137","TELEMEDICIONES S.A","","Privado",0,"","","","Sin vacantes"
"1138","Asociacion Mutual Acodema","","Privado",0,"","","","Sin vacantes"
"1139","Terasys SA","","Privado",0,"","","","Sin vacantes"
"1140","JUEGOTEC SAS","","Privado",0,"","","","Sin vacantes"
"1141","TERMINAL DE TRANSPORTES DE LA PLATA S.A.","","Privado",0,"","","","Sin vacantes"
"1142","K-2 INGENIERIA S.A.S","","Privado",0,"","","","Sin vacantes"
"1143","Terminal Metropolitana De Transportes De Barranqui","","Privado",0,"","","","Sin vacantes"
"1144","Koba Colombia S A S","","Privado",0,"","","","Sin vacantes"
"1145","ECONTACT COL S.A.S.","","Privado",0,"","","","Sin vacantes"
"1146","K-TION S.A.S.","","Privado",0,"","","","Sin vacantes"
"1147","COOPERATIVA MULTIACTIVA DE LOS SERVIDORES Y PENSI","","Privado",0,"","","","Sin vacantes"
"1148","La Equidad Seguros Generales Organismo Cooperativo","","Privado",0,"","","","Sin vacantes"
"1149","Galvis Ramirez & CIA SA","","Privado",0,"","","","Sin vacantes"
"1150","Asociacion De Camaras De Comercio Del Suroccidente","","Privado",0,"","","","Sin vacantes"
"1151","Comunicaciones Empresariales de Colombia S.A.S","","Privado",0,"","","","Sin vacantes"
"1152","Bristol Myers Squibb De Colombia SA","","Privado",0,"","","","Sin vacantes"
"1153","CORPORACION UNIVERSITARIA DE IBAGUE CORUNIVERSITAR","","Privado",0,"","","","Sin vacantes"
"1154","DATA FILE S A","","Privado",0,"","","","Sin vacantes"
"1155","Gases Industriales de Colombia S.A. - CRYOGAS","","Privado",0,"","","","Sin vacantes"
"1156","Escuela Colombiana de Ingenieria","","Privado",0,"","","","Sin vacantes"
"1157","Transporte De Logistica Andina SA","","Privado",0,"","","","Sin vacantes"
"1158","ESCUELA COLOMBIANA DE INGENIERIA JULIO GARAVITO","","Privado",0,"","","","Sin vacantes"
"1159","Cooperativa Financiera John F. Kennedy","","Privado",0,"","","","Sin vacantes"
"1160","CORP.AUTONOMA REG.DEL RIO GRANDE DE LA MAGDALENA C","","Privado",0,"","","","Sin vacantes"
"1161","CONASFALTOS S.A","","Privado",0,"","","","Sin vacantes"
"1162","LABORATORIO FRANCO COLOMBIANO. LAFRANCOL S.A.S","","Privado",0,"","","","Sin vacantes"
"1163","GENERAL MOTORS COLMOTORES S A","","Privado",0,"","","","Sin vacantes"
"1164","ESCUELA DE ADMON Y MERCADOTECNIA DEL QUINDIO","","Privado",0,"","","","Sin vacantes"
"1165","Unicipio De El Penol","","Privado",0,"","","","Sin vacantes"
"1166","COOPERATIVA DE AHORRO Y CREDITO DE SURAMERICA COOP","","Privado",0,"","","","Sin vacantes"
"1167","CONFEDERACION DE COOP. DE COLOMBIA COONFECOP","","Privado",0,"","","","Sin vacantes"
"1168","Laboratorios Prodycon","","Privado",0,"","","","Sin vacantes"
"1169","Agencia Logistica De Las Fuerzas Militares","","Privado",0,"","","","Sin vacantes"
"1170","LACTEOS EL RECREO","","Privado",0,"","","","Sin vacantes"
"1171","EICE TERMINAL DE TRANSPORTES DE FUSAGASUGA","","Privado",0,"","","","Sin vacantes"
"1172","Ambientes Inteligentes S.A.S","","Privado",0,"","","","Sin vacantes"
"1173","UNIDAD EJECUTORA DE SANEAMIENTO - UES","","Privado",0,"","","","Sin vacantes"
"1174","Lasa S.A. Sociedad De Apoyo Aeronautico","","Privado",0,"","","","Sin vacantes"
"1175","COOPERATIVA MULTIACTIVA NACIONAL DE BIENESTAR FAMI","","Privado",0,"","","","Sin vacantes"
"1176","AMBUQ EPSS","","Privado",0,"","","","Sin vacantes"
"1177","Corporación Universitaria Remington","","Privado",0,"","","","Sin vacantes"
"1178","ALCANTARA ASOCIADOS","","Privado",0,"","","","Sin vacantes"
"1179","Union Temporal SICO","","Privado",0,"","","","Sin vacantes"
"1180","CORPOICA","","Privado",0,"","","","Sin vacantes"
"1181","Cooperativa Multiactiva Para Los Profesionales Del","","Privado",0,"","","","Sin vacantes"
"1182","Corporacion Accion Por El Quindio Actuar Famiempre","","Privado",0,"","","","Sin vacantes"
"1183","Datapoint De Colombia SAS","","Privado",0,"","","","Sin vacantes"
"1184","UNIVERSIDAD CATOLICA DE ORIENTE","","Privado",0,"","","","Sin vacantes"
"1185","CINE COLOMBIA S.A","","Privado",0,"","","","Sin vacantes"
"1186","Level Up Interactive S.A.S","","Privado",0,"","","","Sin vacantes"
"1187","Universidad de Cauca","","Privado",0,"","","","Sin vacantes"
"1188","ESE Hospital San Rafael de Tunja","","Privado",0,"","","","Sin vacantes"
"1189","AMERICAN PIPE AND CONSTRUCTION INTERNATIONAL","","Privado",0,"","","","Sin vacantes"
"1190","CONTROLES EMPRESARIALES LTDA","","Privado",0,"","","","Sin vacantes"
"1191","UNIVERSIDAD DE SAN GIL","","Privado",0,"","","","Sin vacantes"
"1192","Corporacion Autonoma Regional De Caldas Corpocalda","","Privado",0,"","","","Sin vacantes"
"1193","Gopher Group S.A.S","","Privado",0,"","","","Sin vacantes"
"1194","Cooperativa De Ahorro Y Credito Juan De Dios Gomez","","Privado",0,"","","","Sin vacantes"
"1195","Consorcio KGM","","Privado",0,"","","","Sin vacantes"
"1196","Estibol SAS","","Privado",0,"","","","Sin vacantes"
"1197","Gramalote Colombia Limited","","Privado",0,"","","","Sin vacantes"
"1198","Litigar Punto Com SA","","Privado",0,"","","","Sin vacantes"
"1199","UNIVERSIDAD FRANCISCO DE PAULA SANTANDER","","Privado",0,"","","","Sin vacantes"
"1200","ESTRATEGIAS CONTACT CENTER COLOMBIA","","Privado",0,"","","","Sin vacantes"
"1201","UNIVERSIDAD KONRAD LORENZ","","Privado",0,"","","","Sin vacantes"
"1202","ESTUDIOS TECNICOS S.A.S","","Privado",0,"","","","Sin vacantes"
"1203","Consorcio Vial Helios","","Privado",0,"","","","Sin vacantes"
"1204","Construcciones Civiles S.A.","","Privado",0,"","","","Sin vacantes"
"1205","Los Nominativos 7 - 24 Ltda Siete24 Ltda Y Siete24","","Privado",0,"","","","Sin vacantes"
"1206","Loteria de Bogota","","Privado",0,"","","","Sin vacantes"
"1207","Grupo Bancolombia","","Privado",0,"","","","Sin vacantes"
"1208","LUCES DE SANTANDER S.A","","Privado",0,"","","","Sin vacantes"
"1209","Lunel Integracion Estrategica","","Privado",0,"","","","Sin vacantes"
"1210","Universitaria De Investigación Y Desarrollo - Udi","","Privado",0,"","","","Sin vacantes"
"1211","Eve Distribuciones S.A.S.","","Privado",0,"","","","Sin vacantes"
"1212","Guillermo Pulgarin S. S.A / Kosta Azul","","Privado",0,"","","","Sin vacantes"
"1213","Americas Symsoft","","Privado",0,"","","","Sin vacantes"
"1214","Ventas y Servicios S A","","Privado",0,"","","","Sin vacantes"
"1215","BUSSCAR DE COLOMBIA S.A.S","","Privado",0,"","","","Sin vacantes"
"1216","Vigilancia Santafereña Y Cia Ltda","","Privado",0,"","","","Sin vacantes"
"1217","Mamut de Colombia SAS","","Privado",0,"","","","Sin vacantes"
"1218","Worldwide Advisors S.A.S.","","Privado",0,"","","","Sin vacantes"
"1219","Manitoba Ltda","","Privado",0,"","","","Sin vacantes"
"1220","Yazaki Ciemel F T Z Ltda","","Privado",0,"","","","Sin vacantes"
"1221","EVOLUTION OUTSOURCING S.A.S.","","Privado",0,"","","","Sin vacantes"
"1222","Cooperativa Nacional De Trabajadores De La Industr","","Privado",0,"","","","Sin vacantes"
"1223","COOPERATIVA DE AHORRO Y CREDITO PARA EL DESARROLLO","","Privado",0,"","","","Sin vacantes"
"1224","Coolever","","Privado",0,"","","","Sin vacantes"
"1225","Comercializadora Cole S.A.S","","Privado",0,"","","","Sin vacantes"
"1226","Clinica de Marly S.A.","","Privado",0,"","","","Sin vacantes"
"1227","PROTECNICA INGENIERIA S.A.","","Privado",0,"","","","Sin vacantes"
"1228","EXCO COLOMBIANA S.A.","","Privado",0,"","","","Sin vacantes"
"1229","Protokimica S.A.S","","Privado",0,"","","","Sin vacantes"
"1230","Marathon Distribuciones SAS","","Privado",0,"","","","Sin vacantes"
"1231","Maria Teresa Galiano Servimed Ltda","","Privado",0,"","","","Sin vacantes"
"1232","QBCo S.A","","Privado",0,"","","","Sin vacantes"
"1233","Clinica del Country S.A.","","Privado",0,"","","","Sin vacantes"
"1234","Fondo de Empleados de Notariado y Registro CORNOTA","","Privado",0,"","","","Sin vacantes"
"1235","Clinica Medellin S A","","Privado",0,"","","","Sin vacantes"
"1236","QUIMICA INTERNACIONAL S A  QUINTAL S A","","Privado",0,"","","","Sin vacantes"
"1237","Clinica Rey David Sincelejo S.A.S","","Privado",0,"","","","Sin vacantes"
"1238","Archivos Y Datos S.A.S","","Privado",0,"","","","Sin vacantes"
"1239","Clinica Tolima SA","","Privado",0,"","","","Sin vacantes"
"1240","FONDO DE EMPLEADOS DE SUPERTIENDAS Y DROGUERIAS OL","","Privado",0,"","","","Sin vacantes"
"1241","Cooperativa Multiactiva De Aporte y Credito Solida","","Privado",0,"","","","Sin vacantes"
"1242","RAFAEL IGNACIO HERNANDEZ","","Privado",0,"","","","Sin vacantes"
"1243","C.I. EL Globo S.A.S","","Privado",0,"","","","Sin vacantes"
"1244","Recamier S.A","","Privado",0,"","","","Sin vacantes"
"1245","AYM Sinergia","","Privado",0,"","","","Sin vacantes"
"1246","Fondo de Empleados del Banco de Occidente","","Privado",0,"","","","Sin vacantes"
"1247","Explorer","","Privado",0,"","","","Sin vacantes"
"1248","Red Bull Colombia S.A.S.","","Privado",0,"","","","Sin vacantes"
"1249","MC Mensajeria Confidencial SA","","Privado",0,"","","","Sin vacantes"
"1250","RED DE SERVICIOS DE LA ORINOQUIA Y EL CARIBE","","Privado",0,"","","","Sin vacantes"
"1251","Explorer (1st Marathon Business Colombia)","","Privado",0,"","","","Sin vacantes"
"1252","Fondo De Empleados Del Fondo Nacional Del Ahorro","","Privado",0,"","","","Sin vacantes"
"1253","MCH Sistematizando Limitada","","Privado",0,"","","","Sin vacantes"
"1254","Fondo De Empleados Del Grupo Bancolombia Febanc","","Privado",0,"","","","Sin vacantes"
"1255","EXPRESO DE TRANSPORTE COLECTIVO DEL ORIENTE S.A","","Privado",0,"","","","Sin vacantes"
"1256","Fondo de Empleados del Instituciones Colombianas A","","Privado",0,"","","","Sin vacantes"
"1257","CLINICA UNIVERSITARIA RAFAEL URIBE","","Privado",0,"","","","Sin vacantes"
"1258","RENOVATIO ECO SOLUTIONS","","Privado",0,"","","","Sin vacantes"
"1259","CLINICA VERSALLES","","Privado",0,"","","","Sin vacantes"
"1260","Fondo De Empleados Del Sector Industrial Fonrecar","","Privado",0,"","","","Sin vacantes"
"1261","MEGALINEA SA","","Privado",0,"","","","Sin vacantes"
"1262","REPSOL EXPLORACION COLOMBIA S.A","","Privado",0,"","","","Sin vacantes"
"1263","Extrucol S A","","Privado",0,"","","","Sin vacantes"
"1264","Fondo de empleados futuro","","Privado",0,"","","","Sin vacantes"
"1265","F R B Fundacion Antonio Restrepo Barco","","Privado",0,"","","","Sin vacantes"
"1266","Fondo De Empleados Granfondo FEG","","Privado",0,"","","","Sin vacantes"
"1267","Factoria Empresarial SAS","","Privado",0,"","","","Sin vacantes"
"1268","RTRC Colombia Ltda","","Privado",0,"","","","Sin vacantes"
"1269","Mercados En Linea SAS","","Privado",0,"","","","Sin vacantes"
"1270","META4 ANDINA LTDA.","","Privado",0,"","","","Sin vacantes"
"1271","S Y P Colombia S.a.s.","","Privado",0,"","","","Sin vacantes"
"1272","ACERIAS PAZ DEL RIO S.A.","","Privado",0,"","","","Sin vacantes"
"1273","Sadinsa SA","","Privado",0,"","","","Sin vacantes"
"1274","Cacharreria Mundial S.A.S","","Privado",0,"","","","Sin vacantes"
"1275","Fondo de Empleados Medicos de Colombia","","Privado",0,"","","","Sin vacantes"
"1276","FastTrack S.A.S","","Privado",0,"","","","Sin vacantes"
"1277","Fondo De Empleados Naciones Unidas De Colombia- Fe","","Privado",0,"","","","Sin vacantes"
"1278","FAVI: FONDO DE EMPLEADOS PARA EL AHORRO, EL BIENES","","Privado",0,"","","","Sin vacantes"
"1279","SANDERCOOP: COOPERATIVA DE EMPLEADOS DEL DEPARTAME","","Privado",0,"","","","Sin vacantes"
"1280","Metrotel Redes SA","","Privado",0,"","","","Sin vacantes"
"1281","FONDO DE EMPLEADOS Y FUNCIONARIOS DEL CONSEJO SUPE","","Privado",0,"","","","Sin vacantes"
"1282","Microempresas De Colombia Cooporativa De Ahorro Y","","Privado",0,"","","","Sin vacantes"
"1283","Corporacion Fondo De Empleados Bancarios Y Del Sec","","Privado",0,"","","","Sin vacantes"
"1284","MICROPLAST ANTONIO PALACIO & COMPANIA S.A.","","Privado",0,"","","","Sin vacantes"
"1285","Fondo De Empleados Y Trabajadores De Las Empresas","","Privado",0,"","","","Sin vacantes"
"1286","FONDO DE GARANTIAS DE INSTITUCIONES FINANCIERAS","","Privado",0,"","","","Sin vacantes"
"1287","FEBAY: FONDO DE EMPLEADOS BAYER","","Privado",0,"","","","Sin vacantes"
"1288","DISTRIBUCIONES EL MAYORISTA","","Privado",0,"","","","Sin vacantes"
"1289","Minerales Andinos","","Privado",0,"","","","Sin vacantes"
"1290","Cooperativa de Entidades de salud de Cordoba","","Privado",0,"","","","Sin vacantes"
"1291","Ananke Educacion","","Privado",0,"","","","Sin vacantes"
"1292","Corporacion Instituto De Administracion Y Finanzas","","Privado",0,"","","","Sin vacantes"
"1293","Mineros S.A.","","Privado",0,"","","","Sin vacantes"
"1294","Seguridad de occidente","","Privado",0,"","","","Sin vacantes"
"1295","Febor Entidad Cooperativa-COOPFEBOR","","Privado",0,"","","","Sin vacantes"
"1296","Seguridad Vial Sevial Sa","","Privado",0,"","","","Sin vacantes"
"1297","FECELSA","","Privado",0,"","","","Sin vacantes"
"1298","Districondor SA","","Privado",0,"","","","Sin vacantes"
"1299","FECOLSA  FONDO EMPLEADOS DE COLSANITAS","","Privado",0,"","","","Sin vacantes"
"1300","FONDO NACIONAL DE GARANTIAS S.A.","","Privado",0,"","","","Sin vacantes"
"1301","FONDO NACIONAL DE LA PORCICULTURA","","Privado",0,"","","","Sin vacantes"
"1302","Coexito S.a.s.","","Privado",0,"","","","Sin vacantes"
"1303","Corporacion Interactuar","","Privado",0,"","","","Sin vacantes"
"1304","COOPERATIVA DE AHORRO Y CREDITO PROYECTAMOS","","Privado",0,"","","","Sin vacantes"
"1305","FONDO NACIONAL DEL ARROZ - FEDEARROZ","","Privado",0,"","","","Sin vacantes"
"1306","SERO S.A.S.","","Privado",0,"","","","Sin vacantes"
"1307","Aguas de Cordoba S.A. E.S.P","","Privado",0,"","","","Sin vacantes"
"1308","COOP. ESPECIALIZADA DE TRANSPORTE TORCOROMA LTDA","","Privado",0,"","","","Sin vacantes"
"1309","SERVICIO INTEGRADO DE GERENCIA Y MANEJO ADMINISTRA","","Privado",0,"","","","Sin vacantes"
"1310","Servicio Nacional de Aprendizaje Colombia","","Privado",0,"","","","Sin vacantes"
"1311","CAFE QUINDIO S.A.S","","Privado",0,"","","","Sin vacantes"
"1312","Servicio Occidental De Salud SA","","Privado",0,"","","","Sin vacantes"
"1313","ADA S.A.","","Privado",0,"","","","Sin vacantes"
"1314","Fondo Uniandes","","Privado",0,"","","","Sin vacantes"
"1315","Cooperativa De Ahorro Y Credito Tabacalera Y Agrop","","Privado",0,"","","","Sin vacantes"
"1316","CAJA COOPERATIVA CREDICOOP","","Privado",0,"","","","Sin vacantes"
"1317","SESCOLOMBIA SAS","","Privado",0,"","","","Sin vacantes"
"1318","CognosOnline S.A.","","Privado",0,"","","","Sin vacantes"
"1319","Alimentos Polar Colombia S.A.S.","","Privado",0,"","","","Sin vacantes"
"1320","CORPORACION AUTONOMA REGIONAL DE FRONTERA","","Privado",0,"","","","Sin vacantes"
"1321","SIETT CARTAGO S.A.S.","","Privado",0,"","","","Sin vacantes"
"1322","Mitsubishi Electric De Colombia Limitada","","Privado",0,"","","","Sin vacantes"
"1323","Friofrimac S A S","","Privado",0,"","","","Sin vacantes"
"1324","MM PACKAGING COLOMBIA S.A.S","","Privado",0,"","","","Sin vacantes"
"1325","SISTEMA INTEGRADO DE TRANSPORTE SI02 S.A","","Privado",0,"","","","Sin vacantes"
"1326","MONTAGAS SA ESP","","Privado",0,"","","","Sin vacantes"
"1327","Friogan S.A.","","Privado",0,"","","","Sin vacantes"
"1328","Moody International Limited","","Privado",0,"","","","Sin vacantes"
"1329","Federacion Nacional de Cultivadores de Palma de Ac","","Privado",0,"","","","Sin vacantes"
"1330","Fuera De Serie","","Privado",0,"","","","Sin vacantes"
"1331","MORENO VARGAS SA","","Privado",0,"","","","Sin vacantes"
"1332","Corporacion Tecnologica de Bogota","","Privado",0,"","","","Sin vacantes"
"1333","FEDETEL: FONDO DE EMPLEADOS DE TELECOM Y LAS TELEC","","Privado",0,"","","","Sin vacantes"
"1334","FUNDA001","","Privado",0,"","","","Sin vacantes"
"1335","Motorola (S045661 Claro - Colombia)","","Privado",0,"","","","Sin vacantes"
"1336","Sociedad Aeroportuaria De La Costa SA","","Privado",0,"","","","Sin vacantes"
"1337","Fedicomisoconcesiones CCFC S.A","","Privado",0,"","","","Sin vacantes"
"1338","Fundacion Cardiovascular de Colombia","","Privado",0,"","","","Sin vacantes"
"1339","FEMPHA","","Privado",0,"","","","Sin vacantes"
"1340","Fundacion Colombia Presente","","Privado",0,"","","","Sin vacantes"
"1341","FEMPOPULAR: FONDO DE EMPLEADOS BANCO POPULAR Y FIL","","Privado",0,"","","","Sin vacantes"
"1342","Fernando Cesar Uribe Blanco","","Privado",0,"","","","Sin vacantes"
"1343","Fundacion Ernesto Mejia Amaya","","Privado",0,"","","","Sin vacantes"
"1344","BANACOL","","Privado",0,"","","","Sin vacantes"
"1345","Ferreteria Metropolis SAS","","Privado",0,"","","","Sin vacantes"
"1346","Sociedad Medica Del Austro Somedica S.A.","","Privado",0,"","","","Sin vacantes"
"1347","Multielectro S.A.S","","Privado",0,"","","","Sin vacantes"
"1348","Sociedad Operadora SA Opesa","","Privado",0,"","","","Sin vacantes"
"1349","Ferreteria Multialambres Ltda","","Privado",0,"","","","Sin vacantes"
"1350","Sociedad Portuaria El Cayao S.A. E.S.P","","Privado",0,"","","","Sin vacantes"
"1351","MUN DE SANTA ROSA DE OSOS","","Privado",0,"","","","Sin vacantes"
"1352","Fundacion Nestor Esteban Sanint Arbelaez","","Privado",0,"","","","Sin vacantes"
"1353","Fundacion Oftalmologica De Santander Clinica Carlo","","Privado",0,"","","","Sin vacantes"
"1354","SOFT MANAGEMENT S.A.","","Privado",0,"","","","Sin vacantes"
"1355","Soletanche Bachy Cimas S.A","","Privado",0,"","","","Sin vacantes"
"1356","Caja de Compensacion familiar del Tolima COMFATOLI","","Privado",0,"","","","Sin vacantes"
"1357","CORPORACION AUTONOMA REGIONAL DE LA ORINOQUIA, COR","","Privado",0,"","","","Sin vacantes"
"1358","SPATARO NAPOLI S.A","","Privado",0,"","","","Sin vacantes"
"1359","Cooperativa Cafetera Del Nororiente Colombiano Ltd","","Privado",0,"","","","Sin vacantes"
"1360","Corporacion Autonoma Regional De Risaralda","","Privado",0,"","","","Sin vacantes"
"1361","CORPORACION AUTONOMA REGIONAL DEL ALTO MAGDALENA C","","Privado",0,"","","","Sin vacantes"
"1362","Corporación Unificada Nacional","","Privado",0,"","","","Sin vacantes"
"1363","ARPRO ARQUITECTOS INGENIEROS S.A.","","Privado",0,"","","","Sin vacantes"
"1364","FUNDACION UNIVERSITARIA CONFENLACO SANTANDER","","Privado",0,"","","","Sin vacantes"
"1365","Compañia Comercial E Industrial La Sabana Avesco","","Privado",0,"","","","Sin vacantes"
"1366","Corporacion Unificada Nacional De Educacion","","Privado",0,"","","","Sin vacantes"
"1367","Corporacion Universidad Libre Seccional Libre Cali","","Privado",0,"","","","Sin vacantes"
"1368","Compañia De Galletas Noel S.A.S","","Privado",0,"","","","Sin vacantes"
"1369","Asociacion De Apuestas Permanentes De Sucre S.A.","","Privado",0,"","","","Sin vacantes"
"1370","Synermin SAS","","Privado",0,"","","","Sin vacantes"
"1371","Tecnitanques Ingenieros S.A.S.","","Privado",0,"","","","Sin vacantes"
"1372","MUSICAR S A","","Privado",0,"","","","Sin vacantes"
"1373","Easy Colombia SA","","Privado",0,"","","","Sin vacantes"
"1374","Nacional De Computadores S.A.S. Nasco S.A.S","","Privado",0,"","","","Sin vacantes"
"1375","TECS S.A.S","","Privado",0,"","","","Sin vacantes"
"1376","DEPARTAMENTO DE LA GUAJIRA","","Privado",0,"","","","Sin vacantes"
"1377","Tejidos Sinteticos de Colombia SA","","Privado",0,"","","","Sin vacantes"
"1378","NAVESCO SA","","Privado",0,"","","","Sin vacantes"
"1379","Cooperativa De Profesores De La U Nacional De Colo","","Privado",0,"","","","Sin vacantes"
"1380","NAVITRANS S.A.S","","Privado",0,"","","","Sin vacantes"
"1381","Teledatos SAS","","Privado",0,"","","","Sin vacantes"
"1382","Nebula Enginnering","","Privado",0,"","","","Sin vacantes"
"1383","TELEINTE S.A.S.","","Privado",0,"","","","Sin vacantes"
"1384","Fundacion Universitaria Tecnologico Comfenalco","","Privado",0,"","","","Sin vacantes"
"1385","DEPARTAMENTO DE SUCRE","","Privado",0,"","","","Sin vacantes"
"1386","CAJA SANTANDEREANA DE SUBSIDIO FAMILIAR CAJASAN","","Privado",0,"","","","Sin vacantes"
"1387","Annar Diagnostica Import Sas","","Privado",0,"","","","Sin vacantes"
"1388","Terminal Buga & Cia S CA","","Privado",0,"","","","Sin vacantes"
"1389","Nextel Del Peru S.A.","","Privado",0,"","","","Sin vacantes"
"1390","Terminal de Transportes de Ibague S.A","","Privado",0,"","","","Sin vacantes"
"1391","TERMINAL DE TRANSPORTES DEL ESPINAL S.A","","Privado",0,"","","","Sin vacantes"
"1392","Cooperativa Del Departamento Del Cauca - Codelcauc","","Privado",0,"","","","Sin vacantes"
"1393","Terminal De Transportes Popayan S.A","","Privado",0,"","","","Sin vacantes"
"1394","Nubiola Colombia Pigmentos S.A.","","Privado",0,"","","","Sin vacantes"
"1395","Aguas De Manizales   S.A.   Esp","","Privado",0,"","","","Sin vacantes"
"1396","CORPORACION AUTONOMA REGIONAL DEL GUAVIO CORPOGUAV","","Privado",0,"","","","Sin vacantes"
"1397","Fundacion Vida Y Futuro","","Privado",0,"","","","Sin vacantes"
"1398","NUEVA FLOTA BOYACA S.A","","Privado",0,"","","","Sin vacantes"
"1399","TERMOTASAJERO S.A. E.S.P.","","Privado",0,"","","","Sin vacantes"
"1400","Nutricion De Plantas S A","","Privado",0,"","","","Sin vacantes"
"1401","Cooperativa Central De Caficultores Del Huila","","Privado",0,"","","","Sin vacantes"
"1402","EDATEL","","Privado",0,"","","","Sin vacantes"
"1403","DEPARTAMENTO DEL VICHADA","","Privado",0,"","","","Sin vacantes"
"1404","Compuredes SA","","Privado",0,"","","","Sin vacantes"
"1405","Odebrecht Ingenieria y Construcció","","Privado",0,"","","","Sin vacantes"
"1406","Cooperativa De Servicios Multiples Villanueva Ltda","","Privado",0,"","","","Sin vacantes"
"1407","Calzatodo SA","","Privado",0,"","","","Sin vacantes"
"1408","Ogx Petroleo E Gas Ltda","","Privado",0,"","","","Sin vacantes"
"1409","Edgar Pinilla","","Privado",0,"","","","Sin vacantes"
"1410","OHL COLOMBIA S.A.S.","","Privado",0,"","","","Sin vacantes"
"1411","Comunicadores del Risaralda S.A La Tarde","","Privado",0,"","","","Sin vacantes"
"1412","FINANCIAFONDOS: COOP. DE AHORRO Y CREDITO FINANCIA","","Privado",0,"","","","Sin vacantes"
"1413","Camara Comercio Bucaramanga","","Privado",0,"","","","Sin vacantes"
"1414","OLEODUCTO AL PACIFICO SAS","","Privado",0,"","","","Sin vacantes"
"1415","Transejes Transmisiones Homocineticas De Colombia","","Privado",0,"","","","Sin vacantes"
"1416","Corporacion Autonoma Regional Del Magdalena","","Privado",0,"","","","Sin vacantes"
"1417","Aseguradora Solidaria de Colombia Ltda","","Privado",0,"","","","Sin vacantes"
"1418","Transportadora de Valores Atlas Limitada","","Privado",0,"","","","Sin vacantes"
"1419","OMNILIFE DE COLOMBIA LTDA.","","Privado",0,"","","","Sin vacantes"
"1420","Editora del Mar SA","","Privado",0,"","","","Sin vacantes"
"1421","CORPORACION AUTONOMA REGIONAL DEL QUINDIO","","Privado",0,"","","","Sin vacantes"
"1422","EDITORAL AGUASCLARAS S.A.","","Privado",0,"","","","Sin vacantes"
"1423","Opencard","","Privado",0,"","","","Sin vacantes"
"1424","Cooperativa Multiactiva de Profesionales de Santan","","Privado",0,"","","","Sin vacantes"
"1425","Operadores Del Campo S.A","","Privado",0,"","","","Sin vacantes"
"1426","General Medica De Colombia","","Privado",0,"","","","Sin vacantes"
"1427","Opportunity International Colombia S.A Compañia D","","Privado",0,"","","","Sin vacantes"
"1428","Aseinges Outsourcing SA","","Privado",0,"","","","Sin vacantes"
"1429","Orbitel Servicios Internacionales","","Privado",0,"","","","Sin vacantes"
"1430","UNAD","","Privado",0,"","","","Sin vacantes"
"1431","Organizacion Clinica Pragma S.A.","","Privado",0,"","","","Sin vacantes"
"1432","CONCESIONARIA VIAL DE LOS ANDES S.A. COVIANDES S.A","","Privado",0,"","","","Sin vacantes"
"1433","CONCONCRETO S.A","","Privado",0,"","","","Sin vacantes"
"1434","Organización de Ingenieria Internacional Odinsa S","","Privado",0,"","","","Sin vacantes"
"1435","ORGANIZACION RADIAL OLIMPICA S.A.","","Privado",0,"","","","Sin vacantes"
"1436","Financiera Comultrasan","","Privado",0,"","","","Sin vacantes"
"1437","Gerleinco S.A","","Privado",0,"","","","Sin vacantes"
"1438","Desarrolladora De Zonas Francas S.a.","","Privado",0,"","","","Sin vacantes"
"1439","Consalfa SA","","Privado",0,"","","","Sin vacantes"
"1440","Cooperativa de Caficultores del Cauca","","Privado",0,"","","","Sin vacantes"
"1441","FINANCIERA ENERGETICA NACIONAL S A FEN","","Privado",0,"","","","Sin vacantes"
"1442","Gestora De Administracion Gasa S.a","","Privado",0,"","","","Sin vacantes"
"1443","APLISALUD S.A ISP","","Privado",0,"","","","Sin vacantes"
"1444","CONTYLEG S.A.","","Privado",0,"","","","Sin vacantes"
"1445","Pavcol S A S","","Privado",0,"","","","Sin vacantes"
"1446","Global Corporation SA","","Privado",0,"","","","Sin vacantes"
"1447","Financiera Internacional SA","","Privado",0,"","","","Sin vacantes"
"1448","COOP DEL MAGISTERIO CODEMA LTDA","","Privado",0,"","","","Sin vacantes"
"1449","AGENCIA DE DESARROLLO LOCAL DE ITAGUI - ADELI","","Privado",0,"","","","Sin vacantes"
"1450","UNION EMPRESARIO APTAS PNTES DEL ATLCO S.A  UNIAPU","","Privado",0,"","","","Sin vacantes"
"1451","People Pass S.A.","","Privado",0,"","","","Sin vacantes"
"1452","Global Seguros de Vida S.A.","","Privado",0,"","","","Sin vacantes"
"1453","COOPERATIVA ALIANZA LTDA","","Privado",0,"","","","Sin vacantes"
"1454","Consorcio Bgc2","","Privado",0,"","","","Sin vacantes"
"1455","PERENCO COLOMBIA LIMITED","","Privado",0,"","","","Sin vacantes"
"1456","Union Temporal Servicios de Transito Quindio","","Privado",0,"","","","Sin vacantes"
"1457","Personal Temporal Colombiano Sas","","Privado",0,"","","","Sin vacantes"
"1458","Union Temporal Sies","","Privado",0,"","","","Sin vacantes"
"1459","CONSORCIO BGC3","","Privado",0,"","","","Sin vacantes"
"1460","CORPORACION AUTONOMA REGIONAL PARA LA DEFENSA DE L","","Privado",0,"","","","Sin vacantes"
"1461","Global Village Telecom","","Privado",0,"","","","Sin vacantes"
"1462","Petrobras International Braspetro B.v.- Sucursal C","","Privado",0,"","","","Sin vacantes"
"1463","CORPORACION COLEGIATURA","","Privado",0,"","","","Sin vacantes"
"1464","Consorcio CCC Ituango","","Privado",0,"","","","Sin vacantes"
"1465","AGM DESARROLLO SAS","","Privado",0,"","","","Sin vacantes"
"1466","CONSORCIO CONIISA-ISP","","Privado",0,"","","","Sin vacantes"
"1467","PETROTIGER SERVICES COLOMBIA","","Privado",0,"","","","Sin vacantes"
"1468","UNIVERSIDAD CATOLICA DE PEREIRA","","Privado",0,"","","","Sin vacantes"
"1469","Planet Corp S.A.","","Privado",0,"","","","Sin vacantes"
"1470","Colombiana Flexografica de Plasticos SAS","","Privado",0,"","","","Sin vacantes"
"1471","Universidad Colegio Mayor de Cundinamarca","","Privado",0,"","","","Sin vacantes"
"1472","Corporacion Colombiana De Logistica SA","","Privado",0,"","","","Sin vacantes"
"1473","CONSORCIO CONSTRUCTOR RUTA DEL SOL","","Privado",0,"","","","Sin vacantes"
"1474","Flota Sugamuxi S.a","","Privado",0,"","","","Sin vacantes"
"1475","Cooperativa Multiactiva Salinas de Colombia - Coop","","Privado",0,"","","","Sin vacantes"
"1476","CORPORACION COMFENALCO VALLE UNIVERSIDAD LIBRE","","Privado",0,"","","","Sin vacantes"
"1477","Cooperativa Multiactiva Somos Organismo Cooperativ","","Privado",0,"","","","Sin vacantes"
"1478","Cooperativa De Credito Corvinde","","Privado",0,"","","","Sin vacantes"
"1479","GOBIERNO DEPARTAMENTAL DEL TOLIMA","","Privado",0,"","","","Sin vacantes"
"1480","Politécnico Colombiano Jaime Isaza Cadavid","","Privado",0,"","","","Sin vacantes"
"1481","Consorcio de Servicios Integrados de Transito y Tr","","Privado",0,"","","","Sin vacantes"
"1482","Politecnico Grancolombiano","","Privado",0,"","","","Sin vacantes"
"1483","Flywan SA","","Privado",0,"","","","Sin vacantes"
"1484","Universidad de Manizales","","Privado",0,"","","","Sin vacantes"
"1485","Politecnico Jaime Isaza Cadavid","","Privado",0,"","","","Sin vacantes"
"1486","CONSORCIO GOLFO MORROSQUILLO","","Privado",0,"","","","Sin vacantes"
"1487","POLLO FIESTA S.A.","","Privado",0,"","","","Sin vacantes"
"1488","Universidad De Santander -UDES","","Privado",0,"","","","Sin vacantes"
"1489","FODESEP - FONDO DE DESARROLLO DE LA EDUCACION SUPE","","Privado",0,"","","","Sin vacantes"
"1490","Universidad del Bosque","","Privado",0,"","","","Sin vacantes"
"1491","Graficas Los Andes SA","","Privado",0,"","","","Sin vacantes"
"1492","Digiway Corp","","Privado",0,"","","","Sin vacantes"
"1493","CONSORCIO INTERVENTORIA APPLUS","","Privado",0,"","","","Sin vacantes"
"1494","GRALCO S.A.","","Privado",0,"","","","Sin vacantes"
"1495","Fondesarrollo","","Privado",0,"","","","Sin vacantes"
"1496","ASESORIAS DE INVERSIONES S.A.","","Privado",0,"","","","Sin vacantes"
"1497","PREMAnet","","Privado",0,"","","","Sin vacantes"
"1498","Consorcio Servicios De Transito De Villavicencio","","Privado",0,"","","","Sin vacantes"
"1499","FONDESARROLLO: FONDO DE EMPLEADOS DE LA FEDERACION","","Privado",0,"","","","Sin vacantes"
"1500","Consorcio TC-20","","Privado",0,"","","","Sin vacantes"
"1501","Fondo de Adaptacion","","Privado",0,"","","","Sin vacantes"
"1502","CONSORCIO TRANSITO PALMIRA","","Privado",0,"","","","Sin vacantes"
"1503","CONSORCIO TURNAROUNDS ALLIANCE","","Privado",0,"","","","Sin vacantes"
"1504","Proactiva Colombia S.A.","","Privado",0,"","","","Sin vacantes"
"1505","Granada S.A.","","Privado",0,"","","","Sin vacantes"
"1506","AGRAF INDUSTRIAL S A","","Privado",0,"","","","Sin vacantes"
"1507","Universidad Libre Seccional Pereira","","Privado",0,"","","","Sin vacantes"
"1508","Ema Holdings S.A.S.","","Privado",0,"","","","Sin vacantes"
"1509","Procesesos Y Disenos Energeticos SA","","Privado",0,"","","","Sin vacantes"
"1510","Construcciones AP S.A","","Privado",0,"","","","Sin vacantes"
"1511","Process Consultants Inc PCIB","","Privado",0,"","","","Sin vacantes"
"1512","GRASAS Y DERIVADOS S A GRADESA S A","","Privado",0,"","","","Sin vacantes"
"1513","Cooperativa De Desarrollo Empresarial Demcoop","","Privado",0,"","","","Sin vacantes"
"1514","CONSTRUCTORA NORBERTO ODERBRECHT S.A.","","Privado",0,"","","","Sin vacantes"
"1515","Cooperativa De Empleados De La Base Aerea De Cali","","Privado",0,"","","","Sin vacantes"
"1516","CAPITAL SALUD EPS S S A S","","Privado",0,"","","","Sin vacantes"
"1517","Corporacion De Abastos De Bogota S A","","Privado",0,"","","","Sin vacantes"
"1518","UNIVERSIDAD SAN BUENAVENTURA - CALI","","Privado",0,"","","","Sin vacantes"
"1519","PRODCURADURIA GENERAL DE LA NACION","","Privado",0,"","","","Sin vacantes"
"1520","Producciones Generales SA Progen SA","","Privado",0,"","","","Sin vacantes"
"1521","Universidad Simon Bolivar","","Privado",0,"","","","Sin vacantes"
"1522","Apuestas Unidas de Jamundi","","Privado",0,"","","","Sin vacantes"
"1523","COOPERATIVA DE TRABAJADORES DE LA EDUCACION DE CUN","","Privado",0,"","","","Sin vacantes"
"1524","Fondo De Empleados Abbott Laboratories De Colombia","","Privado",0,"","","","Sin vacantes"
"1525","ALMACENADORES Y COMERCIO EXTERIOR S.A. ALCOMEX S.A","","Privado",0,"","","","Sin vacantes"
"1526","Total ALMACENADORES Y COMERCIO EXTERIOR S.A. ALCOMEX S.A","","Privado",0,"","","","Sin vacantes"
"1527","Productora Tabacalera De Colombia S A","","Privado",0,"","","","Sin vacantes"
"1528","Universitaria Tecnologica De Bolivar","","Privado",0,"","","","Sin vacantes"
"1529","FONDO DE EMPLEADOS AL SERVICIO DE LOS TRABAJADORES","","Privado",0,"","","","Sin vacantes"
"1530","GS1 Colombia","","Privado",0,"","","","Sin vacantes"
"1531","PRODUCTOS DE BELLEZA ANA MARIA","","Privado",0,"","","","Sin vacantes"
"1532","GSC GRUPO DE SEGURIDAD CELAR LTDA","","Privado",0,"","","","Sin vacantes"
"1533","Caja De Compensacion Familiar De Arauca","","Privado",0,"","","","Sin vacantes"
"1534","COOMINOBRAS: COOP. DE SERVIDORES PUBLI. DEL ORDEN","","Privado",0,"","","","Sin vacantes"
"1535","GYPLAC S.A.","","Privado",0,"","","","Sin vacantes"
"1536","Fondo De Empleados Bbva Colombia - FOE","","Privado",0,"","","","Sin vacantes"
"1537","Cooperativa Energetica De Ahorro Y Credito","","Privado",0,"","","","Sin vacantes"
"1538","COM. COL. DE INVERSIONES AGRICOLAS S A COLINAGRO","","Privado",0,"","","","Sin vacantes"
"1539","Aceites Manuelita S A","","Privado",0,"","","","Sin vacantes"
"1540","Apuestas Unidas SA","","Privado",0,"","","","Sin vacantes"
"1541","Cooperativa De Ahorro Y Credito Caja Union Coopera","","Privado",0,"","","","Sin vacantes"
"1542","Aquaoccidente S.A E.S.P","","Privado",0,"","","","Sin vacantes"
"1543","VM WIRELESS & MOBILE","","Privado",0,"","","","Sin vacantes"
"1544","COOPERATIVA MULTIACTIVA DE EMPLEADOS COLGATE PALMO","","Privado",0,"","","","Sin vacantes"
"1545","EMGESA S A  ESP","","Privado",0,"","","","Sin vacantes"
"1546","PROFAMILIA ASOCIACION PROBIENESTAR DE LA FAMILIA C","","Privado",0,"","","","Sin vacantes"
"1547","Xenco SA","","Privado",0,"","","","Sin vacantes"
"1548","COMERCIALIZADORA BALDINI S.A.","","Privado",0,"","","","Sin vacantes"
"1549","CONTADURIA GENERAL DE LA NACION","","Privado",0,"","","","Sin vacantes"
"1550","Agrifuels De Colombia S.A.S","","Privado",0,"","","","Sin vacantes"
"1551","Cartones America S.A.","","Privado",0,"","","","Sin vacantes"
"1552","Cooperativa De Empleados Favi U.T.P","","Privado",0,"","","","Sin vacantes"
"1553","Herrera y Duran Ltda","","Privado",0,"","","","Sin vacantes"
"1554","Promitel","","Privado",0,"","","","Sin vacantes"
"1555","Hidroturbinas Delta S.A.","","Privado",0,"","","","Sin vacantes"
"1556","Promotora De Cafe Colombia SA","","Privado",0,"","","","Sin vacantes"
"1557","ZONA FRANCA PERMANENETE DE URABA S.A.S","","Privado",0,"","","","Sin vacantes"
"1558","Agrinal Colombia S.A.","","Privado",0,"","","","Sin vacantes"
"1559","EMPAQUES INDUSTRIALES DE COLOMBIA  S.A.S","","Privado",0,"","","","Sin vacantes"
"1560","At&T Global Network Services Colombia Srl (Limitad","","Privado",0,"","","","Sin vacantes"
"1561","Instituto Técnico Cenis De Colombia S.a.s","","Privado",0,"","","","Sin vacantes"
"1562","Instituto Técnico en Informática y Contabilidad","","Privado",0,"","","","Sin vacantes"
"1563","Almacenes Y Talleres Moto Precision S.A.","","Privado",0,"","","","Sin vacantes"
"1564","INSTITUTO DE CULTURA Y PATRIMONIO DE ANTIOQUIA","","Privado",0,"","","","Sin vacantes"